InternshipID,InternshipRole,RequiredSkills,Organization,CityLocation,Stipend,Duration,EducationRequired,MinAge,MaxAge,InternshipType
1001,Frontend Developer Intern,"JavaScript, React",NextGenTech,Mumbai,20000 INR,4 months,B.Sc,18,24,Office-centric
1002,Web Developer Intern,"Python, HTML, CSS",InnovateX,Delhi,28000 INR,5 months,M.Tech,20,25,Remote
1003,ML Engineer Intern,"Python, ML",DevHub,Delhi,16000 INR,4 months,MCA,18,24,Office-centric
1004,Data Analyst Intern,"Data Analysis, SQL",CloudNet,Bangalore,20000 INR,4 months,M.Tech,22,28,Office-centric
1005,Data Analyst Intern,"Data Analysis, SQL",TechCorp,Noida,26000 INR,5 months,B.Tech,21,26,Remote
1006,Cloud Developer Intern,"Java, Cloud",ByteWorks,Ahmedabad,22000 INR,6 months,MCA,20,23,Office-centric
1007,Frontend Developer Intern,"JavaScript, React",CloudNet,Mumbai,14000 INR,1 month,BCA,20,26,Office-centric
1008,Frontend Developer Intern,"JavaScript, React",SoftLab,Mumbai,8000 INR,6 months,B.Tech,21,27,Office-centric
1009,Data Analyst Intern,"Data Analysis, SQL",NextGenTech,Ahmedabad,24000 INR,5 months,B.Tech,22,26,Office-centric
1010,ML Engineer Intern,"Python, ML",CloudNet,Chennai,16000 INR,5 months,MCA,22,30,Office-centric
1011,Cloud Developer Intern,"Java, Cloud",WebSolutions,Mumbai,10000 INR,4 months,B.Sc,22,27,Remote
1012,Web Developer Intern,"Python, HTML, CSS",WebSolutions,Mumbai,10000 INR,2 months,M.Tech,21,29,Office-centric
1013,Cloud Developer Intern,"Java, Cloud",DevHub,Noida,8000 INR,2 months,B.Tech,18,28,Remote
1014,Web Developer Intern,"Python, HTML, CSS",AlgoNext,Hyderabad,16000 INR,1 month,M.Tech,19,27,Office-centric
1015,Frontend Developer Intern,"JavaScript, React",DevHub,Mumbai,28000 INR,1 month,BCA,18,29,Remote
1016,Frontend Developer Intern,"JavaScript, React",AlgoNext,Bangalore,24000 INR,4 months,B.Tech,20,30,Office-centric
1017,Frontend Developer Intern,"JavaScript, React",ByteWorks,Gurgaon,12000 INR,1 month,B.Tech,21,30,Remote
1018,Backend Developer Intern,"Java, Backend",InnovateX,Noida,28000 INR,4 months,M.Tech,19,27,Office-centric
1019,Web Developer Intern,"Python, HTML, CSS",CloudNet,Delhi,24000 INR,3 months,MCA,18,27,Remote
1020,Data Analyst Intern,"Data Analysis, SQL",DevHub,Mumbai,24000 INR,2 months,B.Sc,18,23,Remote
1021,Frontend Developer Intern,"JavaScript, React",ByteWorks,Mumbai,18000 INR,3 months,MCA,22,26,Office-centric
1022,ML Engineer Intern,"Python, ML",InnovateX,Pune,28000 INR,4 months,B.Tech,21,26,Remote
1023,ML Engineer Intern,"Python, ML",TechCorp,Noida,12000 INR,4 months,BCA,21,23,Remote
1024,Cloud Developer Intern,"Java, Cloud",SoftLab,Chennai,26000 INR,1 month,MCA,20,28,Remote
1025,Web Developer Intern,"Python, HTML, CSS",WebSolutions,Delhi,18000 INR,2 months,B.Sc,22,23,Office-centric
1026,Data Analyst Intern,"Data Analysis, SQL",InnovateX,Hyderabad,26000 INR,6 months,B.Tech,20,27,Office-centric
1027,ML Engineer Intern,"Python, ML",WebSolutions,Chennai,10000 INR,6 months,MCA,19,28,Office-centric
1028,Cloud Developer Intern,"Java, Cloud",SoftLab,Kolkata,20000 INR,3 months,MCA,18,28,Office-centric
1029,Frontend Developer Intern,"JavaScript, React",SoftLab,Kolkata,16000 INR,1 month,MCA,21,29,Office-centric
1030,Frontend Developer Intern,"JavaScript, React",WebSolutions,Delhi,26000 INR,5 months,M.Tech,18,26,Remote
1031,Cloud Developer Intern,"Java, Cloud",SoftLab,Kolkata,14000 INR,6 months,MCA,19,28,Office-centric
1032,Cloud Developer Intern,"Java, Cloud",NextGenTech,Delhi,24000 INR,4 months,MCA,19,24,Office-centric
1033,Frontend Developer Intern,"JavaScript, React",ByteWorks,Chennai,18000 INR,3 months,BCA,22,30,Remote
1034,Data Analyst Intern,"Data Analysis, SQL",ByteWorks,Kolkata,26000 INR,3 months,BCA,18,24,Remote
1035,Frontend Developer Intern,"JavaScript, React",NextGenTech,Chennai,22000 INR,4 months,B.Sc,21,26,Office-centric
1036,Frontend Developer Intern,"JavaScript, React",InnovateX,Gurgaon,8000 INR,5 months,B.Tech,19,25,Remote
1037,Data Analyst Intern,"Data Analysis, SQL",TechCorp,Bangalore,12000 INR,1 month,B.Tech,20,25,Remote
1038,Web Developer Intern,"Python, HTML, CSS",WebSolutions,Noida,24000 INR,4 months,MCA,19,28,Remote
1039,Cloud Developer Intern,"Java, Cloud",AlgoNext,Gurgaon,22000 INR,6 months,M.Tech,19,26,Remote
1040,ML Engineer Intern,"Python, ML",SoftLab,Bangalore,18000 INR,4 months,B.Tech,20,28,Office-centric
1041,Web Developer Intern,"Python, HTML, CSS",SoftLab,Ahmedabad,24000 INR,5 months,M.Tech,22,29,Office-centric
1042,Data Analyst Intern,"Data Analysis, SQL",TechCorp,Bangalore,26000 INR,6 months,BCA,19,27,Office-centric
1043,Web Developer Intern,"Python, HTML, CSS",NextGenTech,Chennai,8000 INR,2 months,MCA,21,25,Office-centric
1044,Cloud Developer Intern,"Java, Cloud",DevHub,Mumbai,28000 INR,1 month,MCA,20,26,Office-centric
1045,Backend Developer Intern,"Java, Backend",TechCorp,Mumbai,18000 INR,6 months,MCA,21,29,Office-centric
1046,Cloud Developer Intern,"Java, Cloud",SoftLab,Delhi,20000 INR,5 months,BCA,22,24,Remote
1047,Web Developer Intern,"Python, HTML, CSS",DataWorks,Ahmedabad,30000 INR,1 month,MCA,18,24,Office-centric
1048,Backend Developer Intern,"Java, Backend",TechCorp,Bangalore,16000 INR,6 months,B.Tech,22,27,Office-centric
1049,Cloud Developer Intern,"Java, Cloud",TechCorp,Noida,26000 INR,3 months,MCA,20,25,Remote
1050,Frontend Developer Intern,"JavaScript, React",NextGenTech,Bangalore,12000 INR,6 months,BCA,21,25,Office-centric
1051,Frontend Developer Intern,"JavaScript, React",AlgoNext,Ahmedabad,26000 INR,4 months,B.Sc,21,26,Office-centric
1052,Data Analyst Intern,"Data Analysis, SQL",InnovateX,Noida,12000 INR,2 months,M.Tech,20,24,Office-centric
1053,Cloud Developer Intern,"Java, Cloud",DataWorks,Hyderabad,22000 INR,5 months,BCA,21,23,Office-centric
1054,Backend Developer Intern,"Java, Backend",DataWorks,Chennai,16000 INR,1 month,MCA,19,29,Office-centric
1055,Data Analyst Intern,"Data Analysis, SQL",DevHub,Noida,18000 INR,5 months,B.Sc,20,24,Office-centric
1056,Data Analyst Intern,"Data Analysis, SQL",WebSolutions,Delhi,8000 INR,5 months,MCA,18,26,Remote
1057,Data Analyst Intern,"Data Analysis, SQL",InnovateX,Kolkata,26000 INR,5 months,B.Tech,21,26,Remote
1058,Backend Developer Intern,"Java, Backend",AlgoNext,Delhi,10000 INR,2 months,M.Tech,18,23,Remote
1059,Web Developer Intern,"Python, HTML, CSS",SoftLab,Chennai,28000 INR,6 months,BCA,20,29,Remote
1060,Web Developer Intern,"Python, HTML, CSS",InnovateX,Delhi,30000 INR,2 months,BCA,20,27,Office-centric
1061,Frontend Developer Intern,"JavaScript, React",CloudNet,Ahmedabad,16000 INR,6 months,M.Tech,22,28,Office-centric
1062,Cloud Developer Intern,"Java, Cloud",DataWorks,Chennai,8000 INR,3 months,MCA,21,30,Remote
1063,Backend Developer Intern,"Java, Backend",DataWorks,Chennai,8000 INR,2 months,B.Sc,18,29,Office-centric
1064,Backend Developer Intern,"Java, Backend",NextGenTech,Pune,12000 INR,3 months,B.Sc,20,27,Office-centric
1065,Frontend Developer Intern,"JavaScript, React",InnovateX,Hyderabad,24000 INR,2 months,B.Sc,22,30,Office-centric
1066,Data Analyst Intern,"Data Analysis, SQL",InnovateX,Bangalore,30000 INR,4 months,MCA,18,29,Office-centric
1067,Web Developer Intern,"Python, HTML, CSS",WebSolutions,Delhi,18000 INR,5 months,M.Tech,22,29,Remote
1068,Backend Developer Intern,"Java, Backend",DevHub,Bangalore,26000 INR,6 months,BCA,21,29,Office-centric
1069,Frontend Developer Intern,"JavaScript, React",ByteWorks,Ahmedabad,22000 INR,4 months,B.Tech,22,28,Remote
1070,Web Developer Intern,"Python, HTML, CSS",TechCorp,Mumbai,22000 INR,2 months,B.Sc,20,30,Office-centric
1071,Backend Developer Intern,"Java, Backend",InnovateX,Kolkata,28000 INR,5 months,MCA,20,30,Remote
1072,ML Engineer Intern,"Python, ML",DataWorks,Kolkata,16000 INR,1 month,B.Tech,22,30,Remote
1073,Web Developer Intern,"Python, HTML, CSS",AlgoNext,Delhi,26000 INR,3 months,B.Sc,20,29,Remote
1074,ML Engineer Intern,"Python, ML",WebSolutions,Pune,10000 INR,4 months,B.Tech,22,26,Remote
1075,Cloud Developer Intern,"Java, Cloud",TechCorp,Delhi,28000 INR,3 months,MCA,20,26,Remote
1076,Data Analyst Intern,"Data Analysis, SQL",WebSolutions,Kolkata,18000 INR,4 months,B.Sc,19,30,Office-centric
1077,Web Developer Intern,"Python, HTML, CSS",CloudNet,Ahmedabad,16000 INR,1 month,M.Tech,20,29,Remote
1078,Frontend Developer Intern,"JavaScript, React",NextGenTech,Kolkata,16000 INR,5 months,B.Tech,22,23,Office-centric
1079,Data Analyst Intern,"Data Analysis, SQL",DevHub,Gurgaon,18000 INR,2 months,M.Tech,19,27,Office-centric
1080,ML Engineer Intern,"Python, ML",AlgoNext,Bangalore,16000 INR,5 months,MCA,18,27,Office-centric
1081,Cloud Developer Intern,"Java, Cloud",CloudNet,Chennai,22000 INR,4 months,B.Sc,19,29,Remote
1082,Cloud Developer Intern,"Java, Cloud",SoftLab,Ahmedabad,28000 INR,6 months,M.Tech,18,29,Remote
1083,Backend Developer Intern,"Java, Backend",TechCorp,Kolkata,24000 INR,6 months,M.Tech,22,30,Remote
1084,Frontend Developer Intern,"JavaScript, React",NextGenTech,Hyderabad,8000 INR,2 months,M.Tech,19,30,Remote
1085,Backend Developer Intern,"Java, Backend",TechCorp,Ahmedabad,10000 INR,6 months,M.Tech,18,28,Office-centric
1086,Frontend Developer Intern,"JavaScript, React",TechCorp,Chennai,26000 INR,1 month,B.Sc,22,25,Office-centric
1087,Web Developer Intern,"Python, HTML, CSS",DevHub,Ahmedabad,28000 INR,1 month,MCA,18,26,Office-centric
1088,Data Analyst Intern,"Data Analysis, SQL",DataWorks,Ahmedabad,26000 INR,6 months,B.Sc,19,27,Remote
1089,Web Developer Intern,"Python, HTML, CSS",NextGenTech,Bangalore,30000 INR,4 months,B.Tech,21,24,Remote
1090,ML Engineer Intern,"Python, ML",SoftLab,Bangalore,10000 INR,4 months,MCA,19,23,Remote
1091,Web Developer Intern,"Python, HTML, CSS",WebSolutions,Gurgaon,10000 INR,5 months,B.Sc,19,26,Remote
1092,Data Analyst Intern,"Data Analysis, SQL",CloudNet,Chennai,20000 INR,2 months,B.Tech,21,23,Office-centric
1093,ML Engineer Intern,"Python, ML",SoftLab,Noida,24000 INR,4 months,M.Tech,20,24,Office-centric
1094,Cloud Developer Intern,"Java, Cloud",SoftLab,Pune,14000 INR,2 months,B.Tech,20,28,Remote
1095,Backend Developer Intern,"Java, Backend",CloudNet,Chennai,30000 INR,2 months,MCA,21,30,Remote
1096,Web Developer Intern,"Python, HTML, CSS",AlgoNext,Mumbai,20000 INR,3 months,B.Tech,21,30,Remote
1097,Backend Developer Intern,"Java, Backend",ByteWorks,Hyderabad,8000 INR,2 months,M.Tech,19,27,Remote
1098,Cloud Developer Intern,"Java, Cloud",DataWorks,Hyderabad,30000 INR,5 months,B.Sc,21,30,Remote
1099,Frontend Developer Intern,"JavaScript, React",AlgoNext,Kolkata,10000 INR,2 months,M.Tech,21,25,Remote
1100,Frontend Developer Intern,"JavaScript, React",DevHub,Pune,14000 INR,2 months,M.Tech,18,26,Office-centric
1101,Web Developer Intern,"Python, HTML, CSS",DevHub,Pune,10000 INR,1 month,BCA,19,24,Remote
1102,ML Engineer Intern,"Python, ML",AlgoNext,Hyderabad,24000 INR,4 months,M.Tech,21,28,Office-centric
1103,Backend Developer Intern,"Java, Backend",SoftLab,Hyderabad,14000 INR,2 months,B.Tech,22,24,Office-centric
1104,Data Analyst Intern,"Data Analysis, SQL",DataWorks,Chennai,28000 INR,5 months,BCA,18,30,Remote
1105,Cloud Developer Intern,"Java, Cloud",AlgoNext,Bangalore,12000 INR,5 months,M.Tech,20,24,Office-centric
1106,Cloud Developer Intern,"Java, Cloud",InnovateX,Hyderabad,18000 INR,3 months,MCA,18,28,Remote
1107,Web Developer Intern,"Python, HTML, CSS",CloudNet,Mumbai,10000 INR,2 months,B.Sc,18,27,Office-centric
1108,Frontend Developer Intern,"JavaScript, React",WebSolutions,Kolkata,24000 INR,6 months,MCA,19,27,Remote
1109,Web Developer Intern,"Python, HTML, CSS",InnovateX,Noida,28000 INR,3 months,B.Tech,22,27,Remote
1110,Cloud Developer Intern,"Java, Cloud",ByteWorks,Hyderabad,26000 INR,4 months,B.Sc,21,29,Office-centric
1111,Data Analyst Intern,"Data Analysis, SQL",AlgoNext,Mumbai,18000 INR,5 months,MCA,20,29,Office-centric
1112,Data Analyst Intern,"Data Analysis, SQL",ByteWorks,Gurgaon,22000 INR,6 months,B.Sc,19,29,Office-centric
1113,Data Analyst Intern,"Data Analysis, SQL",AlgoNext,Pune,30000 INR,6 months,BCA,22,25,Office-centric
1114,Backend Developer Intern,"Java, Backend",TechCorp,Kolkata,10000 INR,1 month,B.Tech,22,30,Office-centric
1115,Data Analyst Intern,"Data Analysis, SQL",CloudNet,Hyderabad,12000 INR,5 months,B.Tech,20,24,Remote
1116,ML Engineer Intern,"Python, ML",CloudNet,Chennai,20000 INR,2 months,M.Tech,22,28,Remote
1117,Cloud Developer Intern,"Java, Cloud",NextGenTech,Kolkata,22000 INR,6 months,M.Tech,20,30,Office-centric
1118,Web Developer Intern,"Python, HTML, CSS",TechCorp,Mumbai,30000 INR,1 month,BCA,19,24,Remote
1119,Cloud Developer Intern,"Java, Cloud",DevHub,Gurgaon,18000 INR,3 months,MCA,20,30,Office-centric
1120,Backend Developer Intern,"Java, Backend",DataWorks,Delhi,10000 INR,6 months,M.Tech,22,23,Office-centric
1121,Cloud Developer Intern,"Java, Cloud",ByteWorks,Hyderabad,10000 INR,2 months,MCA,22,26,Remote
1122,ML Engineer Intern,"Python, ML",ByteWorks,Hyderabad,12000 INR,6 months,M.Tech,19,29,Office-centric
1123,ML Engineer Intern,"Python, ML",DevHub,Gurgaon,10000 INR,6 months,B.Sc,18,23,Office-centric
1124,Backend Developer Intern,"Java, Backend",TechCorp,Noida,14000 INR,1 month,M.Tech,22,29,Remote
1125,ML Engineer Intern,"Python, ML",InnovateX,Delhi,20000 INR,1 month,B.Sc,21,29,Remote
1126,Cloud Developer Intern,"Java, Cloud",WebSolutions,Mumbai,14000 INR,5 months,BCA,19,27,Office-centric
1127,Data Analyst Intern,"Data Analysis, SQL",SoftLab,Noida,8000 INR,6 months,MCA,21,29,Remote
1128,Frontend Developer Intern,"JavaScript, React",InnovateX,Kolkata,10000 INR,5 months,MCA,22,29,Office-centric
1129,Data Analyst Intern,"Data Analysis, SQL",TechCorp,Chennai,10000 INR,5 months,B.Tech,22,25,Remote
1130,Data Analyst Intern,"Data Analysis, SQL",DevHub,Noida,14000 INR,5 months,MCA,19,23,Remote
1131,Web Developer Intern,"Python, HTML, CSS",TechCorp,Kolkata,14000 INR,1 month,BCA,19,28,Remote
1132,Data Analyst Intern,"Data Analysis, SQL",WebSolutions,Bangalore,22000 INR,6 months,M.Tech,21,25,Remote
1133,Cloud Developer Intern,"Java, Cloud",NextGenTech,Noida,8000 INR,5 months,B.Sc,22,30,Remote
1134,ML Engineer Intern,"Python, ML",ByteWorks,Chennai,10000 INR,2 months,B.Tech,18,28,Office-centric
1135,Web Developer Intern,"Python, HTML, CSS",ByteWorks,Ahmedabad,22000 INR,3 months,M.Tech,22,29,Remote
1136,Data Analyst Intern,"Data Analysis, SQL",SoftLab,Mumbai,30000 INR,5 months,MCA,18,28,Remote
1137,Backend Developer Intern,"Java, Backend",NextGenTech,Delhi,16000 INR,5 months,B.Sc,22,23,Remote
1138,Web Developer Intern,"Python, HTML, CSS",AlgoNext,Pune,10000 INR,2 months,B.Sc,20,23,Remote
1139,Cloud Developer Intern,"Java, Cloud",WebSolutions,Gurgaon,20000 INR,4 months,MCA,19,25,Remote
1140,Backend Developer Intern,"Java, Backend",DataWorks,Ahmedabad,18000 INR,2 months,M.Tech,21,28,Remote
1141,Frontend Developer Intern,"JavaScript, React",NextGenTech,Pune,8000 INR,5 months,B.Tech,20,25,Office-centric
1142,Backend Developer Intern,"Java, Backend",TechCorp,Ahmedabad,16000 INR,4 months,BCA,20,27,Remote
1143,Backend Developer Intern,"Java, Backend",SoftLab,Chennai,30000 INR,5 months,B.Sc,22,27,Office-centric
1144,Cloud Developer Intern,"Java, Cloud",NextGenTech,Mumbai,24000 INR,5 months,B.Sc,19,23,Office-centric
1145,Backend Developer Intern,"Java, Backend",AlgoNext,Delhi,30000 INR,4 months,MCA,22,25,Remote
1146,Data Analyst Intern,"Data Analysis, SQL",DevHub,Bangalore,8000 INR,3 months,MCA,20,25,Remote
1147,Cloud Developer Intern,"Java, Cloud",DataWorks,Chennai,12000 INR,5 months,B.Sc,19,30,Remote
1148,Data Analyst Intern,"Data Analysis, SQL",DataWorks,Hyderabad,12000 INR,3 months,MCA,18,23,Office-centric
1149,Data Analyst Intern,"Data Analysis, SQL",NextGenTech,Mumbai,12000 INR,1 month,B.Sc,20,29,Office-centric
1150,Web Developer Intern,"Python, HTML, CSS",WebSolutions,Ahmedabad,26000 INR,2 months,BCA,18,24,Office-centric
1151,Data Analyst Intern,"Data Analysis, SQL",SoftLab,Chennai,26000 INR,6 months,M.Tech,19,29,Office-centric
1152,Cloud Developer Intern,"Java, Cloud",ByteWorks,Ahmedabad,20000 INR,5 months,B.Sc,19,28,Remote
1153,Backend Developer Intern,"Java, Backend",NextGenTech,Noida,12000 INR,6 months,BCA,18,25,Remote
1154,ML Engineer Intern,"Python, ML",InnovateX,Pune,30000 INR,3 months,MCA,20,23,Remote
1155,Data Analyst Intern,"Data Analysis, SQL",WebSolutions,Noida,20000 INR,6 months,M.Tech,19,23,Remote
1156,Cloud Developer Intern,"Java, Cloud",CloudNet,Kolkata,18000 INR,2 months,B.Tech,22,28,Remote
1157,ML Engineer Intern,"Python, ML",InnovateX,Bangalore,14000 INR,5 months,M.Tech,19,30,Remote
1158,Data Analyst Intern,"Data Analysis, SQL",DataWorks,Gurgaon,14000 INR,5 months,M.Tech,18,30,Remote
1159,Web Developer Intern,"Python, HTML, CSS",CloudNet,Chennai,8000 INR,3 months,BCA,19,28,Remote
1160,Frontend Developer Intern,"JavaScript, React",DataWorks,Ahmedabad,12000 INR,6 months,B.Sc,22,24,Remote
1161,Data Analyst Intern,"Data Analysis, SQL",WebSolutions,Chennai,26000 INR,2 months,M.Tech,20,25,Office-centric
1162,ML Engineer Intern,"Python, ML",ByteWorks,Gurgaon,26000 INR,3 months,M.Tech,22,30,Remote
1163,Cloud Developer Intern,"Java, Cloud",TechCorp,Hyderabad,24000 INR,1 month,MCA,18,30,Remote
1164,Frontend Developer Intern,"JavaScript, React",TechCorp,Pune,28000 INR,6 months,B.Sc,18,28,Office-centric
1165,ML Engineer Intern,"Python, ML",ByteWorks,Mumbai,20000 INR,6 months,B.Sc,19,24,Office-centric
1166,Cloud Developer Intern,"Java, Cloud",SoftLab,Mumbai,12000 INR,6 months,B.Tech,21,29,Office-centric
1167,ML Engineer Intern,"Python, ML",DataWorks,Pune,28000 INR,4 months,MCA,19,29,Office-centric
1168,Web Developer Intern,"Python, HTML, CSS",AlgoNext,Chennai,28000 INR,4 months,M.Tech,20,23,Office-centric
1169,Cloud Developer Intern,"Java, Cloud",DataWorks,Bangalore,20000 INR,2 months,BCA,18,28,Office-centric
1170,Data Analyst Intern,"Data Analysis, SQL",TechCorp,Gurgaon,8000 INR,5 months,B.Sc,20,23,Remote
1171,Cloud Developer Intern,"Java, Cloud",ByteWorks,Noida,26000 INR,3 months,MCA,19,25,Office-centric
1172,Backend Developer Intern,"Java, Backend",DevHub,Mumbai,24000 INR,5 months,M.Tech,19,29,Remote
1173,ML Engineer Intern,"Python, ML",InnovateX,Mumbai,14000 INR,5 months,BCA,20,27,Office-centric
1174,Web Developer Intern,"Python, HTML, CSS",ByteWorks,Bangalore,26000 INR,1 month,B.Tech,22,24,Remote
1175,ML Engineer Intern,"Python, ML",InnovateX,Hyderabad,26000 INR,3 months,B.Sc,19,28,Remote
1176,Data Analyst Intern,"Data Analysis, SQL",AlgoNext,Kolkata,20000 INR,6 months,B.Tech,20,28,Remote
1177,Web Developer Intern,"Python, HTML, CSS",DevHub,Bangalore,14000 INR,4 months,BCA,22,24,Remote
1178,Cloud Developer Intern,"Java, Cloud",TechCorp,Chennai,20000 INR,6 months,B.Sc,22,23,Office-centric
1179,Data Analyst Intern,"Data Analysis, SQL",DataWorks,Delhi,26000 INR,6 months,B.Tech,21,23,Office-centric
1180,Web Developer Intern,"Python, HTML, CSS",InnovateX,Gurgaon,14000 INR,5 months,BCA,21,24,Office-centric
1181,Data Analyst Intern,"Data Analysis, SQL",AlgoNext,Bangalore,14000 INR,4 months,BCA,21,30,Office-centric
1182,Data Analyst Intern,"Data Analysis, SQL",TechCorp,Hyderabad,30000 INR,1 month,MCA,22,27,Office-centric
1183,Web Developer Intern,"Python, HTML, CSS",WebSolutions,Ahmedabad,20000 INR,4 months,B.Sc,20,29,Remote
1184,Frontend Developer Intern,"JavaScript, React",CloudNet,Pune,28000 INR,1 month,B.Sc,18,26,Remote
1185,ML Engineer Intern,"Python, ML",CloudNet,Chennai,10000 INR,5 months,B.Sc,19,25,Office-centric
1186,Data Analyst Intern,"Data Analysis, SQL",CloudNet,Kolkata,26000 INR,2 months,B.Sc,20,25,Office-centric
1187,Frontend Developer Intern,"JavaScript, React",NextGenTech,Pune,18000 INR,3 months,B.Sc,21,24,Remote
1188,Backend Developer Intern,"Java, Backend",AlgoNext,Gurgaon,20000 INR,1 month,BCA,20,26,Remote
1189,Web Developer Intern,"Python, HTML, CSS",ByteWorks,Bangalore,16000 INR,3 months,MCA,22,24,Remote
1190,Web Developer Intern,"Python, HTML, CSS",AlgoNext,Hyderabad,8000 INR,3 months,BCA,22,26,Remote
1191,Cloud Developer Intern,"Java, Cloud",SoftLab,Noida,14000 INR,6 months,B.Sc,22,23,Office-centric
1192,Frontend Developer Intern,"JavaScript, React",AlgoNext,Chennai,8000 INR,4 months,B.Sc,18,28,Office-centric
1193,Frontend Developer Intern,"JavaScript, React",DataWorks,Chennai,14000 INR,6 months,B.Tech,18,28,Remote
1194,Frontend Developer Intern,"JavaScript, React",SoftLab,Bangalore,24000 INR,1 month,B.Sc,22,23,Office-centric
1195,Backend Developer Intern,"Java, Backend",WebSolutions,Chennai,8000 INR,4 months,BCA,18,27,Remote
1196,ML Engineer Intern,"Python, ML",DataWorks,Hyderabad,8000 INR,6 months,MCA,22,27,Remote
1197,ML Engineer Intern,"Python, ML",WebSolutions,Delhi,12000 INR,4 months,M.Tech,19,29,Office-centric
1198,Frontend Developer Intern,"JavaScript, React",AlgoNext,Pune,20000 INR,6 months,BCA,20,28,Remote
1199,Backend Developer Intern,"Java, Backend",DataWorks,Ahmedabad,10000 INR,4 months,BCA,22,23,Remote
1200,Web Developer Intern,"Python, HTML, CSS",DataWorks,Noida,18000 INR,2 months,BCA,18,28,Remote
1201,Web Developer Intern,"Python, HTML, CSS",TechCorp,Pune,28000 INR,2 months,MCA,19,24,Remote
1202,Data Analyst Intern,"Data Analysis, SQL",ByteWorks,Kolkata,30000 INR,6 months,MCA,20,27,Office-centric
1203,Web Developer Intern,"Python, HTML, CSS",SoftLab,Kolkata,14000 INR,5 months,MCA,18,23,Office-centric
1204,Data Analyst Intern,"Data Analysis, SQL",DataWorks,Ahmedabad,8000 INR,4 months,M.Tech,19,30,Office-centric
1205,Backend Developer Intern,"Java, Backend",ByteWorks,Hyderabad,28000 INR,1 month,B.Sc,22,30,Remote
1206,Data Analyst Intern,"Data Analysis, SQL",DevHub,Mumbai,8000 INR,5 months,MCA,19,24,Remote
1207,ML Engineer Intern,"Python, ML",DevHub,Bangalore,12000 INR,2 months,B.Tech,22,28,Remote
1208,Frontend Developer Intern,"JavaScript, React",CloudNet,Bangalore,22000 INR,4 months,M.Tech,18,29,Remote
1209,Data Analyst Intern,"Data Analysis, SQL",CloudNet,Mumbai,16000 INR,2 months,B.Tech,19,28,Office-centric
1210,Cloud Developer Intern,"Java, Cloud",SoftLab,Bangalore,14000 INR,4 months,M.Tech,18,23,Remote
1211,ML Engineer Intern,"Python, ML",WebSolutions,Bangalore,20000 INR,1 month,B.Tech,21,23,Remote
1212,ML Engineer Intern,"Python, ML",NextGenTech,Bangalore,14000 INR,6 months,B.Tech,21,24,Office-centric
1213,Web Developer Intern,"Python, HTML, CSS",TechCorp,Pune,14000 INR,3 months,M.Tech,18,25,Remote
1214,Backend Developer Intern,"Java, Backend",AlgoNext,Pune,26000 INR,3 months,B.Sc,19,28,Office-centric
1215,ML Engineer Intern,"Python, ML",AlgoNext,Pune,24000 INR,3 months,MCA,18,29,Office-centric
1216,Data Analyst Intern,"Data Analysis, SQL",DevHub,Noida,20000 INR,3 months,B.Sc,22,24,Remote
1217,Backend Developer Intern,"Java, Backend",DataWorks,Bangalore,18000 INR,4 months,BCA,19,30,Remote
1218,Backend Developer Intern,"Java, Backend",NextGenTech,Kolkata,28000 INR,5 months,B.Sc,20,29,Remote
1219,Cloud Developer Intern,"Java, Cloud",NextGenTech,Mumbai,16000 INR,3 months,M.Tech,20,30,Office-centric
1220,Backend Developer Intern,"Java, Backend",TechCorp,Bangalore,10000 INR,4 months,MCA,19,27,Remote
1221,Data Analyst Intern,"Data Analysis, SQL",AlgoNext,Pune,8000 INR,5 months,BCA,18,25,Office-centric
1222,Backend Developer Intern,"Java, Backend",DevHub,Kolkata,12000 INR,6 months,MCA,18,24,Remote
1223,ML Engineer Intern,"Python, ML",AlgoNext,Delhi,12000 INR,1 month,MCA,21,23,Office-centric
1224,Data Analyst Intern,"Data Analysis, SQL",TechCorp,Hyderabad,20000 INR,3 months,B.Sc,18,27,Remote
1225,Cloud Developer Intern,"Java, Cloud",CloudNet,Mumbai,18000 INR,4 months,MCA,18,28,Remote
1226,Cloud Developer Intern,"Java, Cloud",DataWorks,Hyderabad,26000 INR,6 months,B.Sc,21,24,Remote
1227,Data Analyst Intern,"Data Analysis, SQL",NextGenTech,Ahmedabad,12000 INR,2 months,M.Tech,22,24,Remote
1228,Data Analyst Intern,"Data Analysis, SQL",NextGenTech,Delhi,24000 INR,2 months,B.Sc,18,28,Remote
1229,Cloud Developer Intern,"Java, Cloud",SoftLab,Kolkata,24000 INR,2 months,B.Sc,21,28,Remote
1230,Cloud Developer Intern,"Java, Cloud",NextGenTech,Delhi,22000 INR,6 months,B.Tech,20,27,Remote
1231,Data Analyst Intern,"Data Analysis, SQL",InnovateX,Pune,18000 INR,1 month,B.Sc,19,28,Remote
1232,Backend Developer Intern,"Java, Backend",TechCorp,Gurgaon,26000 INR,1 month,B.Sc,22,25,Remote
1233,Backend Developer Intern,"Java, Backend",DataWorks,Noida,16000 INR,6 months,MCA,22,26,Office-centric
1234,Backend Developer Intern,"Java, Backend",CloudNet,Mumbai,10000 INR,4 months,BCA,21,25,Remote
1235,Frontend Developer Intern,"JavaScript, React",WebSolutions,Chennai,24000 INR,3 months,B.Tech,20,27,Office-centric
1236,Backend Developer Intern,"Java, Backend",CloudNet,Chennai,30000 INR,2 months,B.Sc,20,24,Remote
1237,Cloud Developer Intern,"Java, Cloud",TechCorp,Bangalore,30000 INR,4 months,MCA,20,23,Remote
1238,Web Developer Intern,"Python, HTML, CSS",NextGenTech,Ahmedabad,22000 INR,1 month,B.Tech,19,28,Remote
1239,Web Developer Intern,"Python, HTML, CSS",TechCorp,Bangalore,10000 INR,2 months,B.Tech,19,24,Remote
1240,Cloud Developer Intern,"Java, Cloud",DevHub,Kolkata,14000 INR,5 months,B.Sc,21,25,Office-centric
1241,Frontend Developer Intern,"JavaScript, React",DevHub,Kolkata,12000 INR,1 month,BCA,20,26,Remote
1242,Cloud Developer Intern,"Java, Cloud",TechCorp,Hyderabad,18000 INR,6 months,BCA,22,23,Office-centric
1243,ML Engineer Intern,"Python, ML",InnovateX,Mumbai,10000 INR,4 months,M.Tech,19,28,Remote
1244,Data Analyst Intern,"Data Analysis, SQL",NextGenTech,Kolkata,26000 INR,6 months,M.Tech,22,30,Office-centric
1245,Backend Developer Intern,"Java, Backend",NextGenTech,Pune,16000 INR,4 months,BCA,18,27,Office-centric
1246,Cloud Developer Intern,"Java, Cloud",DataWorks,Pune,14000 INR,1 month,BCA,19,24,Office-centric
1247,Web Developer Intern,"Python, HTML, CSS",AlgoNext,Ahmedabad,16000 INR,2 months,B.Tech,22,29,Remote
1248,Frontend Developer Intern,"JavaScript, React",AlgoNext,Gurgaon,10000 INR,1 month,MCA,21,25,Office-centric
1249,Backend Developer Intern,"Java, Backend",WebSolutions,Pune,28000 INR,4 months,MCA,21,27,Office-centric
1250,ML Engineer Intern,"Python, ML",AlgoNext,Mumbai,20000 INR,1 month,BCA,19,27,Remote
1251,Data Analyst Intern,"Data Analysis, SQL",ByteWorks,Kolkata,28000 INR,1 month,BCA,21,30,Office-centric
1252,Data Analyst Intern,"Data Analysis, SQL",NextGenTech,Ahmedabad,28000 INR,6 months,B.Sc,20,27,Office-centric
1253,Frontend Developer Intern,"JavaScript, React",InnovateX,Chennai,20000 INR,5 months,BCA,18,23,Office-centric
1254,Data Analyst Intern,"Data Analysis, SQL",AlgoNext,Bangalore,14000 INR,3 months,BCA,21,23,Office-centric
1255,Data Analyst Intern,"Data Analysis, SQL",DevHub,Hyderabad,18000 INR,1 month,B.Sc,20,27,Office-centric
1256,Data Analyst Intern,"Data Analysis, SQL",ByteWorks,Bangalore,22000 INR,5 months,MCA,21,24,Office-centric
1257,Cloud Developer Intern,"Java, Cloud",TechCorp,Delhi,30000 INR,6 months,M.Tech,20,23,Remote
1258,Backend Developer Intern,"Java, Backend",NextGenTech,Hyderabad,10000 INR,2 months,M.Tech,19,25,Remote
1259,ML Engineer Intern,"Python, ML",NextGenTech,Gurgaon,16000 INR,5 months,M.Tech,20,23,Office-centric
1260,Data Analyst Intern,"Data Analysis, SQL",DataWorks,Hyderabad,26000 INR,1 month,MCA,22,25,Remote
1261,Frontend Developer Intern,"JavaScript, React",DataWorks,Hyderabad,14000 INR,6 months,B.Tech,19,27,Office-centric
1262,Data Analyst Intern,"Data Analysis, SQL",DevHub,Kolkata,28000 INR,2 months,B.Tech,22,27,Office-centric
1263,Frontend Developer Intern,"JavaScript, React",DataWorks,Mumbai,26000 INR,4 months,B.Tech,20,23,Remote
1264,Backend Developer Intern,"Java, Backend",SoftLab,Kolkata,18000 INR,3 months,MCA,19,30,Remote
1265,Cloud Developer Intern,"Java, Cloud",AlgoNext,Pune,24000 INR,3 months,MCA,20,27,Remote
1266,Cloud Developer Intern,"Java, Cloud",AlgoNext,Pune,24000 INR,6 months,B.Tech,20,30,Remote
1267,Data Analyst Intern,"Data Analysis, SQL",ByteWorks,Noida,28000 INR,2 months,B.Sc,22,26,Office-centric
1268,Data Analyst Intern,"Data Analysis, SQL",DataWorks,Hyderabad,22000 INR,1 month,B.Sc,18,27,Office-centric
1269,Web Developer Intern,"Python, HTML, CSS",CloudNet,Chennai,20000 INR,3 months,BCA,20,29,Remote
1270,Data Analyst Intern,"Data Analysis, SQL",NextGenTech,Kolkata,12000 INR,6 months,M.Tech,18,28,Office-centric
1271,Backend Developer Intern,"Java, Backend",DevHub,Chennai,28000 INR,5 months,BCA,20,28,Office-centric
1272,Data Analyst Intern,"Data Analysis, SQL",AlgoNext,Delhi,26000 INR,1 month,B.Tech,22,24,Remote
1273,ML Engineer Intern,"Python, ML",TechCorp,Mumbai,16000 INR,4 months,MCA,18,28,Remote
1274,Frontend Developer Intern,"JavaScript, React",DevHub,Gurgaon,22000 INR,4 months,MCA,21,26,Office-centric
1275,Backend Developer Intern,"Java, Backend",NextGenTech,Bangalore,22000 INR,6 months,B.Tech,22,23,Remote
1276,Web Developer Intern,"Python, HTML, CSS",AlgoNext,Bangalore,26000 INR,6 months,BCA,22,23,Remote
1277,ML Engineer Intern,"Python, ML",ByteWorks,Kolkata,14000 INR,3 months,B.Tech,19,25,Office-centric
1278,Web Developer Intern,"Python, HTML, CSS",DevHub,Ahmedabad,12000 INR,4 months,MCA,18,30,Office-centric
1279,Frontend Developer Intern,"JavaScript, React",ByteWorks,Mumbai,30000 INR,6 months,MCA,18,28,Office-centric
1280,Data Analyst Intern,"Data Analysis, SQL",DataWorks,Hyderabad,10000 INR,2 months,M.Tech,21,29,Office-centric
1281,Frontend Developer Intern,"JavaScript, React",DevHub,Pune,24000 INR,4 months,BCA,21,23,Office-centric
1282,Data Analyst Intern,"Data Analysis, SQL",ByteWorks,Hyderabad,10000 INR,6 months,MCA,20,26,Remote
1283,Backend Developer Intern,"Java, Backend",TechCorp,Delhi,30000 INR,3 months,MCA,19,27,Remote
1284,Backend Developer Intern,"Java, Backend",NextGenTech,Hyderabad,16000 INR,1 month,BCA,21,27,Remote
1285,ML Engineer Intern,"Python, ML",InnovateX,Hyderabad,30000 INR,5 months,MCA,20,26,Remote
1286,Frontend Developer Intern,"JavaScript, React",AlgoNext,Noida,8000 INR,6 months,M.Tech,22,26,Remote
1287,Data Analyst Intern,"Data Analysis, SQL",CloudNet,Kolkata,28000 INR,5 months,MCA,20,27,Office-centric
1288,Backend Developer Intern,"Java, Backend",ByteWorks,Bangalore,30000 INR,6 months,B.Sc,20,25,Remote
1289,Frontend Developer Intern,"JavaScript, React",ByteWorks,Chennai,8000 INR,1 month,BCA,18,29,Office-centric
1290,Backend Developer Intern,"Java, Backend",AlgoNext,Kolkata,24000 INR,2 months,B.Sc,19,26,Office-centric
1291,ML Engineer Intern,"Python, ML",SoftLab,Ahmedabad,14000 INR,2 months,BCA,21,24,Office-centric
1292,Frontend Developer Intern,"JavaScript, React",SoftLab,Kolkata,30000 INR,4 months,B.Tech,19,25,Office-centric
1293,ML Engineer Intern,"Python, ML",InnovateX,Gurgaon,20000 INR,4 months,MCA,22,30,Remote
1294,ML Engineer Intern,"Python, ML",TechCorp,Bangalore,14000 INR,3 months,MCA,18,23,Remote
1295,Web Developer Intern,"Python, HTML, CSS",WebSolutions,Ahmedabad,18000 INR,3 months,B.Tech,19,30,Office-centric
1296,Cloud Developer Intern,"Java, Cloud",ByteWorks,Hyderabad,18000 INR,4 months,B.Sc,18,23,Remote
1297,Backend Developer Intern,"Java, Backend",DataWorks,Hyderabad,10000 INR,2 months,BCA,18,23,Office-centric
1298,Frontend Developer Intern,"JavaScript, React",CloudNet,Gurgaon,22000 INR,2 months,BCA,22,29,Remote
1299,Cloud Developer Intern,"Java, Cloud",WebSolutions,Ahmedabad,18000 INR,3 months,B.Tech,22,30,Remote
1300,Data Analyst Intern,"Data Analysis, SQL",CloudNet,Chennai,10000 INR,5 months,B.Tech,18,27,Office-centric
1301,Backend Developer Intern,"Java, Backend",InnovateX,Ahmedabad,26000 INR,2 months,MCA,22,26,Office-centric
1302,Web Developer Intern,"Python, HTML, CSS",CloudNet,Delhi,14000 INR,2 months,MCA,20,27,Remote
1303,Frontend Developer Intern,"JavaScript, React",SoftLab,Delhi,30000 INR,3 months,B.Tech,19,29,Remote
1304,Frontend Developer Intern,"JavaScript, React",ByteWorks,Noida,20000 INR,6 months,B.Tech,22,26,Remote
1305,Backend Developer Intern,"Java, Backend",TechCorp,Chennai,28000 INR,6 months,B.Tech,21,27,Remote
1306,Frontend Developer Intern,"JavaScript, React",SoftLab,Gurgaon,12000 INR,3 months,B.Sc,18,24,Office-centric
1307,Data Analyst Intern,"Data Analysis, SQL",WebSolutions,Noida,30000 INR,4 months,BCA,20,27,Remote
1308,Frontend Developer Intern,"JavaScript, React",CloudNet,Hyderabad,12000 INR,3 months,B.Sc,20,29,Remote
1309,ML Engineer Intern,"Python, ML",TechCorp,Noida,16000 INR,5 months,B.Sc,20,24,Office-centric
1310,Web Developer Intern,"Python, HTML, CSS",WebSolutions,Mumbai,20000 INR,6 months,BCA,18,27,Remote
1311,Cloud Developer Intern,"Java, Cloud",DevHub,Bangalore,16000 INR,5 months,MCA,21,27,Office-centric
1312,ML Engineer Intern,"Python, ML",InnovateX,Ahmedabad,14000 INR,1 month,BCA,22,30,Office-centric
1313,Web Developer Intern,"Python, HTML, CSS",InnovateX,Noida,10000 INR,1 month,BCA,21,27,Office-centric
1314,Data Analyst Intern,"Data Analysis, SQL",TechCorp,Pune,8000 INR,4 months,M.Tech,21,29,Remote
1315,Web Developer Intern,"Python, HTML, CSS",InnovateX,Bangalore,8000 INR,5 months,B.Tech,22,30,Office-centric
1316,Frontend Developer Intern,"JavaScript, React",NextGenTech,Kolkata,12000 INR,2 months,B.Sc,22,28,Office-centric
1317,ML Engineer Intern,"Python, ML",InnovateX,Bangalore,26000 INR,5 months,BCA,19,30,Office-centric
1318,Frontend Developer Intern,"JavaScript, React",DataWorks,Noida,12000 INR,4 months,M.Tech,21,24,Office-centric
1319,Data Analyst Intern,"Data Analysis, SQL",CloudNet,Ahmedabad,30000 INR,4 months,B.Sc,21,29,Office-centric
1320,Cloud Developer Intern,"Java, Cloud",SoftLab,Bangalore,12000 INR,3 months,BCA,18,26,Remote
1321,Frontend Developer Intern,"JavaScript, React",AlgoNext,Mumbai,16000 INR,1 month,B.Tech,20,26,Office-centric
1322,Backend Developer Intern,"Java, Backend",NextGenTech,Ahmedabad,24000 INR,1 month,B.Sc,21,29,Remote
1323,Cloud Developer Intern,"Java, Cloud",NextGenTech,Hyderabad,10000 INR,2 months,B.Tech,18,27,Remote
1324,Frontend Developer Intern,"JavaScript, React",InnovateX,Kolkata,18000 INR,4 months,B.Sc,21,26,Remote
1325,Backend Developer Intern,"Java, Backend",NextGenTech,Mumbai,30000 INR,4 months,B.Sc,19,28,Remote
1326,Web Developer Intern,"Python, HTML, CSS",WebSolutions,Bangalore,10000 INR,2 months,M.Tech,21,25,Office-centric
1327,Frontend Developer Intern,"JavaScript, React",AlgoNext,Ahmedabad,30000 INR,2 months,B.Tech,18,23,Office-centric
1328,Backend Developer Intern,"Java, Backend",InnovateX,Chennai,30000 INR,4 months,BCA,18,23,Office-centric
1329,Backend Developer Intern,"Java, Backend",ByteWorks,Delhi,26000 INR,6 months,B.Tech,22,23,Remote
1330,Frontend Developer Intern,"JavaScript, React",InnovateX,Kolkata,26000 INR,1 month,M.Tech,22,29,Remote
1331,ML Engineer Intern,"Python, ML",NextGenTech,Delhi,18000 INR,2 months,B.Sc,22,23,Remote
1332,Web Developer Intern,"Python, HTML, CSS",WebSolutions,Bangalore,8000 INR,3 months,M.Tech,18,23,Remote
1333,Data Analyst Intern,"Data Analysis, SQL",SoftLab,Noida,20000 INR,2 months,MCA,19,27,Office-centric
1334,Web Developer Intern,"Python, HTML, CSS",DataWorks,Delhi,16000 INR,1 month,MCA,19,28,Remote
1335,ML Engineer Intern,"Python, ML",DataWorks,Gurgaon,18000 INR,6 months,MCA,22,27,Remote
1336,Frontend Developer Intern,"JavaScript, React",AlgoNext,Chennai,8000 INR,2 months,B.Tech,20,27,Remote
1337,ML Engineer Intern,"Python, ML",WebSolutions,Hyderabad,16000 INR,1 month,B.Sc,21,23,Office-centric
1338,Web Developer Intern,"Python, HTML, CSS",DataWorks,Gurgaon,30000 INR,1 month,MCA,20,28,Remote
1339,Backend Developer Intern,"Java, Backend",DevHub,Gurgaon,22000 INR,3 months,BCA,20,30,Remote
1340,Backend Developer Intern,"Java, Backend",NextGenTech,Pune,26000 INR,6 months,B.Sc,22,26,Office-centric
1341,Backend Developer Intern,"Java, Backend",DevHub,Kolkata,26000 INR,1 month,BCA,20,30,Remote
1342,Web Developer Intern,"Python, HTML, CSS",DevHub,Delhi,26000 INR,4 months,BCA,22,24,Office-centric
1343,ML Engineer Intern,"Python, ML",CloudNet,Kolkata,20000 INR,2 months,BCA,20,25,Remote
1344,Frontend Developer Intern,"JavaScript, React",DevHub,Kolkata,12000 INR,2 months,MCA,21,28,Office-centric
1345,Cloud Developer Intern,"Java, Cloud",CloudNet,Kolkata,14000 INR,3 months,B.Sc,21,27,Remote
1346,ML Engineer Intern,"Python, ML",TechCorp,Delhi,10000 INR,4 months,B.Tech,18,30,Office-centric
1347,Backend Developer Intern,"Java, Backend",NextGenTech,Kolkata,8000 INR,3 months,B.Sc,21,28,Office-centric
1348,Frontend Developer Intern,"JavaScript, React",DataWorks,Mumbai,10000 INR,3 months,M.Tech,19,23,Office-centric
1349,Cloud Developer Intern,"Java, Cloud",DevHub,Ahmedabad,16000 INR,6 months,M.Tech,18,26,Remote
1350,Backend Developer Intern,"Java, Backend",WebSolutions,Pune,18000 INR,2 months,B.Sc,21,29,Office-centric
1351,ML Engineer Intern,"Python, ML",CloudNet,Ahmedabad,28000 INR,5 months,M.Tech,21,29,Remote
1352,Cloud Developer Intern,"Java, Cloud",NextGenTech,Chennai,28000 INR,5 months,BCA,22,23,Remote
1353,ML Engineer Intern,"Python, ML",SoftLab,Hyderabad,26000 INR,2 months,B.Tech,21,28,Remote
1354,Cloud Developer Intern,"Java, Cloud",DataWorks,Kolkata,28000 INR,6 months,M.Tech,21,25,Office-centric
1355,Backend Developer Intern,"Java, Backend",AlgoNext,Gurgaon,12000 INR,3 months,B.Sc,20,30,Office-centric
1356,ML Engineer Intern,"Python, ML",WebSolutions,Delhi,8000 INR,6 months,M.Tech,21,27,Remote
1357,Data Analyst Intern,"Data Analysis, SQL",DataWorks,Kolkata,20000 INR,4 months,MCA,18,26,Remote
1358,ML Engineer Intern,"Python, ML",NextGenTech,Hyderabad,26000 INR,6 months,MCA,22,28,Remote
1359,Data Analyst Intern,"Data Analysis, SQL",NextGenTech,Delhi,20000 INR,6 months,M.Tech,20,26,Office-centric
1360,Backend Developer Intern,"Java, Backend",InnovateX,Noida,16000 INR,2 months,M.Tech,20,25,Office-centric
1361,Web Developer Intern,"Python, HTML, CSS",NextGenTech,Noida,30000 INR,2 months,M.Tech,21,28,Office-centric
1362,Cloud Developer Intern,"Java, Cloud",InnovateX,Mumbai,26000 INR,5 months,BCA,21,25,Office-centric
1363,Backend Developer Intern,"Java, Backend",InnovateX,Mumbai,20000 INR,6 months,BCA,22,23,Remote
1364,Frontend Developer Intern,"JavaScript, React",AlgoNext,Chennai,28000 INR,2 months,B.Tech,21,28,Office-centric
1365,Cloud Developer Intern,"Java, Cloud",WebSolutions,Delhi,20000 INR,1 month,MCA,20,25,Office-centric
1366,Frontend Developer Intern,"JavaScript, React",ByteWorks,Noida,16000 INR,4 months,MCA,20,27,Remote
1367,ML Engineer Intern,"Python, ML",WebSolutions,Chennai,10000 INR,2 months,MCA,22,26,Office-centric
1368,Backend Developer Intern,"Java, Backend",TechCorp,Bangalore,26000 INR,4 months,BCA,18,30,Office-centric
1369,ML Engineer Intern,"Python, ML",TechCorp,Delhi,24000 INR,5 months,B.Sc,21,29,Remote
1370,Frontend Developer Intern,"JavaScript, React",DevHub,Kolkata,10000 INR,2 months,B.Tech,21,23,Office-centric
1371,Frontend Developer Intern,"JavaScript, React",DevHub,Delhi,12000 INR,2 months,B.Tech,20,29,Office-centric
1372,Backend Developer Intern,"Java, Backend",WebSolutions,Hyderabad,10000 INR,5 months,B.Tech,21,30,Office-centric
1373,Backend Developer Intern,"Java, Backend",WebSolutions,Ahmedabad,22000 INR,3 months,B.Sc,18,28,Remote
1374,Cloud Developer Intern,"Java, Cloud",NextGenTech,Chennai,10000 INR,5 months,MCA,22,28,Office-centric
1375,Data Analyst Intern,"Data Analysis, SQL",DevHub,Gurgaon,18000 INR,6 months,M.Tech,21,26,Remote
1376,ML Engineer Intern,"Python, ML",DevHub,Ahmedabad,12000 INR,1 month,B.Tech,20,30,Remote
1377,ML Engineer Intern,"Python, ML",TechCorp,Ahmedabad,28000 INR,5 months,BCA,18,27,Office-centric
1378,ML Engineer Intern,"Python, ML",AlgoNext,Bangalore,28000 INR,4 months,B.Tech,22,27,Office-centric
1379,Data Analyst Intern,"Data Analysis, SQL",WebSolutions,Kolkata,10000 INR,2 months,MCA,18,23,Remote
1380,Web Developer Intern,"Python, HTML, CSS",DataWorks,Chennai,26000 INR,5 months,B.Sc,18,23,Office-centric
1381,ML Engineer Intern,"Python, ML",CloudNet,Chennai,24000 INR,4 months,MCA,18,29,Office-centric
1382,Backend Developer Intern,"Java, Backend",NextGenTech,Chennai,28000 INR,5 months,BCA,19,30,Remote
1383,Web Developer Intern,"Python, HTML, CSS",ByteWorks,Mumbai,14000 INR,6 months,B.Tech,18,25,Office-centric
1384,ML Engineer Intern,"Python, ML",WebSolutions,Noida,24000 INR,3 months,BCA,19,26,Office-centric
1385,Web Developer Intern,"Python, HTML, CSS",TechCorp,Bangalore,28000 INR,3 months,BCA,21,30,Office-centric
1386,Web Developer Intern,"Python, HTML, CSS",TechCorp,Hyderabad,8000 INR,3 months,B.Tech,22,30,Office-centric
1387,Data Analyst Intern,"Data Analysis, SQL",WebSolutions,Bangalore,20000 INR,5 months,M.Tech,20,27,Remote
1388,ML Engineer Intern,"Python, ML",DevHub,Kolkata,24000 INR,5 months,M.Tech,21,26,Remote
1389,ML Engineer Intern,"Python, ML",AlgoNext,Delhi,28000 INR,5 months,MCA,21,30,Office-centric
1390,Web Developer Intern,"Python, HTML, CSS",AlgoNext,Pune,24000 INR,3 months,M.Tech,19,28,Office-centric
1391,Cloud Developer Intern,"Java, Cloud",ByteWorks,Mumbai,10000 INR,3 months,MCA,20,27,Remote
1392,Data Analyst Intern,"Data Analysis, SQL",DataWorks,Delhi,12000 INR,1 month,MCA,20,24,Office-centric
1393,Web Developer Intern,"Python, HTML, CSS",ByteWorks,Noida,10000 INR,6 months,MCA,21,28,Remote
1394,Data Analyst Intern,"Data Analysis, SQL",ByteWorks,Bangalore,30000 INR,6 months,M.Tech,22,29,Remote
1395,ML Engineer Intern,"Python, ML",CloudNet,Pune,14000 INR,3 months,B.Tech,20,23,Office-centric
1396,Cloud Developer Intern,"Java, Cloud",WebSolutions,Gurgaon,20000 INR,5 months,M.Tech,22,30,Office-centric
1397,ML Engineer Intern,"Python, ML",DevHub,Bangalore,26000 INR,6 months,MCA,19,24,Office-centric
1398,Backend Developer Intern,"Java, Backend",WebSolutions,Gurgaon,24000 INR,5 months,M.Tech,20,24,Office-centric
1399,Web Developer Intern,"Python, HTML, CSS",WebSolutions,Hyderabad,10000 INR,3 months,M.Tech,18,26,Office-centric
1400,Cloud Developer Intern,"Java, Cloud",DevHub,Pune,22000 INR,1 month,BCA,18,24,Office-centric
1401,Web Developer Intern,"Python, HTML, CSS",InnovateX,Hyderabad,8000 INR,4 months,B.Sc,22,25,Office-centric
1402,Data Analyst Intern,"Data Analysis, SQL",TechCorp,Bangalore,8000 INR,1 month,BCA,18,24,Remote
1403,Web Developer Intern,"Python, HTML, CSS",SoftLab,Chennai,22000 INR,5 months,M.Tech,18,27,Remote
1404,Frontend Developer Intern,"JavaScript, React",CloudNet,Hyderabad,22000 INR,4 months,M.Tech,21,27,Remote
1405,Frontend Developer Intern,"JavaScript, React",AlgoNext,Mumbai,14000 INR,1 month,M.Tech,18,25,Remote
1406,Web Developer Intern,"Python, HTML, CSS",NextGenTech,Ahmedabad,18000 INR,5 months,B.Tech,20,25,Remote
1407,Web Developer Intern,"Python, HTML, CSS",SoftLab,Hyderabad,28000 INR,2 months,BCA,18,30,Office-centric
1408,Cloud Developer Intern,"Java, Cloud",TechCorp,Noida,22000 INR,2 months,M.Tech,20,30,Office-centric
1409,ML Engineer Intern,"Python, ML",TechCorp,Gurgaon,20000 INR,1 month,MCA,18,29,Office-centric
1410,Data Analyst Intern,"Data Analysis, SQL",SoftLab,Ahmedabad,10000 INR,3 months,BCA,20,30,Remote
1411,Web Developer Intern,"Python, HTML, CSS",DataWorks,Chennai,8000 INR,4 months,M.Tech,21,23,Remote
1412,Frontend Developer Intern,"JavaScript, React",CloudNet,Hyderabad,20000 INR,6 months,MCA,20,27,Office-centric
1413,ML Engineer Intern,"Python, ML",ByteWorks,Pune,30000 INR,5 months,M.Tech,22,24,Remote
1414,Data Analyst Intern,"Data Analysis, SQL",WebSolutions,Pune,8000 INR,5 months,MCA,19,30,Office-centric
1415,Data Analyst Intern,"Data Analysis, SQL",TechCorp,Delhi,28000 INR,6 months,MCA,21,26,Remote
1416,Web Developer Intern,"Python, HTML, CSS",SoftLab,Kolkata,22000 INR,2 months,B.Sc,22,23,Office-centric
1417,Cloud Developer Intern,"Java, Cloud",CloudNet,Kolkata,14000 INR,1 month,M.Tech,22,30,Remote
1418,Data Analyst Intern,"Data Analysis, SQL",TechCorp,Ahmedabad,26000 INR,5 months,B.Sc,19,25,Remote
1419,ML Engineer Intern,"Python, ML",DevHub,Chennai,22000 INR,4 months,B.Sc,19,24,Office-centric
1420,Web Developer Intern,"Python, HTML, CSS",InnovateX,Noida,20000 INR,1 month,MCA,20,27,Remote
1421,Data Analyst Intern,"Data Analysis, SQL",SoftLab,Mumbai,22000 INR,3 months,MCA,18,30,Remote
1422,Web Developer Intern,"Python, HTML, CSS",DevHub,Pune,12000 INR,5 months,MCA,19,29,Remote
1423,Cloud Developer Intern,"Java, Cloud",DataWorks,Noida,20000 INR,4 months,MCA,22,25,Remote
1424,ML Engineer Intern,"Python, ML",SoftLab,Delhi,30000 INR,1 month,BCA,22,25,Remote
1425,Frontend Developer Intern,"JavaScript, React",TechCorp,Pune,30000 INR,1 month,M.Tech,20,25,Office-centric
1426,Cloud Developer Intern,"Java, Cloud",ByteWorks,Noida,12000 INR,1 month,M.Tech,18,23,Office-centric
1427,Web Developer Intern,"Python, HTML, CSS",NextGenTech,Noida,24000 INR,1 month,B.Sc,18,29,Remote
1428,ML Engineer Intern,"Python, ML",ByteWorks,Hyderabad,20000 INR,1 month,M.Tech,18,29,Office-centric
1429,Frontend Developer Intern,"JavaScript, React",ByteWorks,Mumbai,26000 INR,2 months,MCA,20,23,Remote
1430,Data Analyst Intern,"Data Analysis, SQL",DevHub,Kolkata,22000 INR,1 month,B.Sc,18,23,Remote
1431,Frontend Developer Intern,"JavaScript, React",DevHub,Kolkata,16000 INR,4 months,M.Tech,19,30,Remote
1432,Backend Developer Intern,"Java, Backend",AlgoNext,Kolkata,26000 INR,1 month,MCA,20,28,Remote
1433,Backend Developer Intern,"Java, Backend",WebSolutions,Pune,24000 INR,6 months,M.Tech,20,29,Remote
1434,Cloud Developer Intern,"Java, Cloud",ByteWorks,Mumbai,22000 INR,4 months,B.Sc,22,26,Office-centric
1435,Backend Developer Intern,"Java, Backend",SoftLab,Mumbai,28000 INR,5 months,BCA,21,26,Office-centric
1436,Backend Developer Intern,"Java, Backend",TechCorp,Chennai,16000 INR,6 months,BCA,18,27,Remote
1437,Frontend Developer Intern,"JavaScript, React",ByteWorks,Mumbai,26000 INR,4 months,B.Tech,18,23,Remote
1438,Data Analyst Intern,"Data Analysis, SQL",SoftLab,Kolkata,26000 INR,5 months,BCA,22,30,Remote
1439,Backend Developer Intern,"Java, Backend",InnovateX,Hyderabad,22000 INR,2 months,B.Tech,20,25,Office-centric
1440,Cloud Developer Intern,"Java, Cloud",InnovateX,Gurgaon,14000 INR,4 months,M.Tech,20,25,Remote
1441,ML Engineer Intern,"Python, ML",TechCorp,Pune,8000 INR,2 months,B.Sc,22,28,Office-centric
1442,Backend Developer Intern,"Java, Backend",DataWorks,Ahmedabad,18000 INR,5 months,M.Tech,21,29,Remote
1443,ML Engineer Intern,"Python, ML",ByteWorks,Pune,22000 INR,4 months,M.Tech,22,27,Remote
1444,ML Engineer Intern,"Python, ML",CloudNet,Mumbai,26000 INR,2 months,BCA,22,27,Remote
1445,Backend Developer Intern,"Java, Backend",NextGenTech,Delhi,26000 INR,4 months,MCA,18,23,Remote
1446,Cloud Developer Intern,"Java, Cloud",InnovateX,Ahmedabad,10000 INR,1 month,MCA,18,23,Office-centric
1447,Cloud Developer Intern,"Java, Cloud",TechCorp,Noida,24000 INR,1 month,MCA,21,27,Office-centric
1448,Backend Developer Intern,"Java, Backend",TechCorp,Ahmedabad,18000 INR,3 months,MCA,22,30,Office-centric
1449,Frontend Developer Intern,"JavaScript, React",DataWorks,Chennai,30000 INR,4 months,BCA,21,25,Remote
1450,Backend Developer Intern,"Java, Backend",CloudNet,Bangalore,24000 INR,3 months,MCA,21,27,Office-centric
1451,Data Analyst Intern,"Data Analysis, SQL",SoftLab,Chennai,24000 INR,2 months,MCA,20,27,Remote
1452,Web Developer Intern,"Python, HTML, CSS",DataWorks,Mumbai,30000 INR,5 months,B.Sc,18,28,Remote
1453,Web Developer Intern,"Python, HTML, CSS",InnovateX,Noida,24000 INR,1 month,B.Tech,18,23,Office-centric
1454,Data Analyst Intern,"Data Analysis, SQL",AlgoNext,Chennai,22000 INR,1 month,M.Tech,21,24,Office-centric
1455,Backend Developer Intern,"Java, Backend",DataWorks,Pune,8000 INR,3 months,B.Sc,20,23,Office-centric
1456,Backend Developer Intern,"Java, Backend",CloudNet,Bangalore,24000 INR,1 month,M.Tech,22,28,Remote
1457,Frontend Developer Intern,"JavaScript, React",DataWorks,Pune,28000 INR,2 months,BCA,21,29,Office-centric
1458,Web Developer Intern,"Python, HTML, CSS",InnovateX,Kolkata,16000 INR,1 month,B.Sc,21,25,Office-centric
1459,Frontend Developer Intern,"JavaScript, React",TechCorp,Hyderabad,12000 INR,2 months,B.Sc,20,28,Remote
1460,ML Engineer Intern,"Python, ML",WebSolutions,Bangalore,30000 INR,4 months,M.Tech,19,23,Office-centric
1461,Cloud Developer Intern,"Java, Cloud",AlgoNext,Gurgaon,16000 INR,5 months,M.Tech,22,25,Remote
1462,Web Developer Intern,"Python, HTML, CSS",SoftLab,Noida,8000 INR,3 months,BCA,19,27,Office-centric
1463,Web Developer Intern,"Python, HTML, CSS",ByteWorks,Ahmedabad,10000 INR,1 month,B.Tech,21,25,Office-centric
1464,ML Engineer Intern,"Python, ML",AlgoNext,Kolkata,30000 INR,5 months,B.Sc,22,27,Remote
1465,Cloud Developer Intern,"Java, Cloud",WebSolutions,Ahmedabad,16000 INR,4 months,B.Sc,22,28,Office-centric
1466,Cloud Developer Intern,"Java, Cloud",SoftLab,Bangalore,14000 INR,2 months,MCA,18,30,Remote
1467,Frontend Developer Intern,"JavaScript, React",WebSolutions,Kolkata,20000 INR,4 months,B.Tech,18,25,Office-centric
1468,Cloud Developer Intern,"Java, Cloud",DevHub,Delhi,8000 INR,4 months,M.Tech,21,27,Remote
1469,Data Analyst Intern,"Data Analysis, SQL",AlgoNext,Pune,28000 INR,1 month,M.Tech,21,26,Office-centric
1470,Backend Developer Intern,"Java, Backend",AlgoNext,Mumbai,10000 INR,5 months,M.Tech,18,26,Office-centric
1471,Backend Developer Intern,"Java, Backend",CloudNet,Delhi,24000 INR,2 months,MCA,21,24,Office-centric
1472,Frontend Developer Intern,"JavaScript, React",InnovateX,Ahmedabad,16000 INR,3 months,M.Tech,18,25,Remote
1473,Web Developer Intern,"Python, HTML, CSS",CloudNet,Hyderabad,10000 INR,2 months,B.Sc,22,29,Office-centric
1474,Web Developer Intern,"Python, HTML, CSS",SoftLab,Noida,18000 INR,3 months,M.Tech,18,25,Remote
1475,Data Analyst Intern,"Data Analysis, SQL",DevHub,Chennai,26000 INR,6 months,M.Tech,20,23,Remote
1476,Backend Developer Intern,"Java, Backend",DevHub,Kolkata,26000 INR,2 months,B.Tech,21,24,Remote
1477,Cloud Developer Intern,"Java, Cloud",AlgoNext,Kolkata,20000 INR,1 month,M.Tech,22,29,Office-centric
1478,Data Analyst Intern,"Data Analysis, SQL",TechCorp,Chennai,22000 INR,5 months,B.Sc,20,28,Remote
1479,Backend Developer Intern,"Java, Backend",InnovateX,Mumbai,14000 INR,3 months,BCA,21,29,Remote
1480,Frontend Developer Intern,"JavaScript, React",TechCorp,Noida,24000 INR,5 months,MCA,19,24,Remote
1481,ML Engineer Intern,"Python, ML",NextGenTech,Bangalore,14000 INR,1 month,MCA,19,30,Office-centric
1482,Web Developer Intern,"Python, HTML, CSS",SoftLab,Bangalore,28000 INR,4 months,B.Sc,22,27,Remote
1483,Frontend Developer Intern,"JavaScript, React",DataWorks,Delhi,22000 INR,3 months,B.Tech,22,26,Remote
1484,Web Developer Intern,"Python, HTML, CSS",WebSolutions,Gurgaon,18000 INR,2 months,M.Tech,21,27,Office-centric
1485,ML Engineer Intern,"Python, ML",WebSolutions,Noida,26000 INR,1 month,B.Tech,19,23,Office-centric
1486,Backend Developer Intern,"Java, Backend",InnovateX,Kolkata,30000 INR,6 months,B.Sc,21,23,Remote
1487,ML Engineer Intern,"Python, ML",SoftLab,Ahmedabad,8000 INR,1 month,MCA,22,28,Remote
1488,Cloud Developer Intern,"Java, Cloud",WebSolutions,Bangalore,12000 INR,1 month,B.Sc,22,29,Office-centric
1489,Data Analyst Intern,"Data Analysis, SQL",AlgoNext,Delhi,22000 INR,2 months,M.Tech,21,25,Remote
1490,Web Developer Intern,"Python, HTML, CSS",ByteWorks,Mumbai,20000 INR,3 months,MCA,21,30,Office-centric
1491,Cloud Developer Intern,"Java, Cloud",ByteWorks,Delhi,28000 INR,2 months,M.Tech,18,25,Office-centric
1492,Data Analyst Intern,"Data Analysis, SQL",InnovateX,Bangalore,18000 INR,5 months,BCA,19,28,Remote
1493,ML Engineer Intern,"Python, ML",TechCorp,Bangalore,16000 INR,2 months,B.Tech,18,24,Office-centric
1494,Web Developer Intern,"Python, HTML, CSS",DataWorks,Gurgaon,28000 INR,3 months,BCA,19,30,Remote
1495,Web Developer Intern,"Python, HTML, CSS",CloudNet,Delhi,22000 INR,3 months,MCA,18,28,Office-centric
1496,Backend Developer Intern,"Java, Backend",ByteWorks,Chennai,24000 INR,1 month,B.Sc,22,25,Remote
1497,Web Developer Intern,"Python, HTML, CSS",InnovateX,Bangalore,28000 INR,6 months,M.Tech,19,23,Office-centric
1498,Backend Developer Intern,"Java, Backend",CloudNet,Chennai,28000 INR,2 months,B.Tech,20,25,Office-centric
1499,Web Developer Intern,"Python, HTML, CSS",ByteWorks,Gurgaon,10000 INR,2 months,BCA,18,26,Office-centric
1500,Backend Developer Intern,"Java, Backend",SoftLab,Bangalore,16000 INR,1 month,B.Sc,22,23,Office-centric
1501,Backend Developer Intern,"Java, Backend",SoftLab,Ahmedabad,20000 INR,4 months,M.Tech,21,25,Office-centric
1502,Backend Developer Intern,"Java, Backend",CloudNet,Chennai,20000 INR,4 months,B.Sc,22,24,Office-centric
1503,Data Analyst Intern,"Data Analysis, SQL",InnovateX,Bangalore,12000 INR,4 months,B.Tech,20,27,Remote
1504,Backend Developer Intern,"Java, Backend",SoftLab,Chennai,12000 INR,4 months,M.Tech,20,24,Remote
1505,Frontend Developer Intern,"JavaScript, React",TechCorp,Chennai,10000 INR,4 months,B.Sc,22,26,Office-centric
1506,Backend Developer Intern,"Java, Backend",CloudNet,Delhi,14000 INR,1 month,B.Sc,18,26,Office-centric
1507,Web Developer Intern,"Python, HTML, CSS",TechCorp,Hyderabad,14000 INR,5 months,M.Tech,18,23,Office-centric
1508,Data Analyst Intern,"Data Analysis, SQL",AlgoNext,Hyderabad,24000 INR,3 months,B.Sc,22,28,Remote
1509,Frontend Developer Intern,"JavaScript, React",SoftLab,Delhi,20000 INR,4 months,B.Sc,21,29,Office-centric
1510,Frontend Developer Intern,"JavaScript, React",InnovateX,Hyderabad,24000 INR,4 months,BCA,19,28,Office-centric
1511,Cloud Developer Intern,"Java, Cloud",SoftLab,Delhi,28000 INR,6 months,B.Sc,21,28,Office-centric
1512,Data Analyst Intern,"Data Analysis, SQL",CloudNet,Mumbai,8000 INR,1 month,B.Sc,22,23,Remote
1513,Cloud Developer Intern,"Java, Cloud",AlgoNext,Kolkata,26000 INR,6 months,B.Tech,18,29,Office-centric
1514,ML Engineer Intern,"Python, ML",DevHub,Ahmedabad,26000 INR,3 months,B.Tech,19,30,Office-centric
1515,Data Analyst Intern,"Data Analysis, SQL",NextGenTech,Kolkata,30000 INR,5 months,B.Sc,20,30,Office-centric
1516,Frontend Developer Intern,"JavaScript, React",CloudNet,Delhi,20000 INR,2 months,MCA,18,24,Remote
1517,Cloud Developer Intern,"Java, Cloud",WebSolutions,Kolkata,22000 INR,6 months,B.Tech,22,28,Remote
1518,Frontend Developer Intern,"JavaScript, React",ByteWorks,Chennai,16000 INR,3 months,BCA,19,28,Office-centric
1519,Cloud Developer Intern,"Java, Cloud",SoftLab,Delhi,24000 INR,2 months,B.Tech,22,30,Office-centric
1520,Frontend Developer Intern,"JavaScript, React",TechCorp,Noida,20000 INR,4 months,M.Tech,20,29,Remote
1521,Data Analyst Intern,"Data Analysis, SQL",TechCorp,Gurgaon,28000 INR,2 months,B.Tech,21,28,Remote
1522,Web Developer Intern,"Python, HTML, CSS",InnovateX,Chennai,10000 INR,5 months,BCA,20,28,Remote
1523,Frontend Developer Intern,"JavaScript, React",DevHub,Chennai,18000 INR,1 month,B.Sc,21,23,Remote
1524,Data Analyst Intern,"Data Analysis, SQL",WebSolutions,Mumbai,20000 INR,2 months,M.Tech,21,25,Remote
1525,Frontend Developer Intern,"JavaScript, React",NextGenTech,Mumbai,22000 INR,3 months,B.Tech,19,27,Remote
1526,Cloud Developer Intern,"Java, Cloud",DevHub,Mumbai,26000 INR,5 months,BCA,18,27,Office-centric
1527,ML Engineer Intern,"Python, ML",DevHub,Mumbai,28000 INR,3 months,B.Tech,21,27,Remote
1528,Web Developer Intern,"Python, HTML, CSS",SoftLab,Bangalore,8000 INR,4 months,BCA,19,30,Office-centric
1529,Data Analyst Intern,"Data Analysis, SQL",InnovateX,Hyderabad,30000 INR,3 months,B.Tech,22,26,Remote
1530,Web Developer Intern,"Python, HTML, CSS",SoftLab,Chennai,22000 INR,2 months,M.Tech,21,28,Remote
1531,ML Engineer Intern,"Python, ML",InnovateX,Gurgaon,16000 INR,6 months,M.Tech,19,25,Office-centric
1532,Web Developer Intern,"Python, HTML, CSS",ByteWorks,Mumbai,24000 INR,5 months,B.Tech,21,24,Office-centric
1533,Data Analyst Intern,"Data Analysis, SQL",CloudNet,Delhi,24000 INR,4 months,B.Sc,22,29,Office-centric
1534,Cloud Developer Intern,"Java, Cloud",TechCorp,Mumbai,8000 INR,3 months,B.Sc,21,25,Office-centric
1535,Data Analyst Intern,"Data Analysis, SQL",WebSolutions,Chennai,28000 INR,5 months,M.Tech,19,24,Remote
1536,Data Analyst Intern,"Data Analysis, SQL",AlgoNext,Gurgaon,26000 INR,2 months,BCA,20,24,Office-centric
1537,Backend Developer Intern,"Java, Backend",WebSolutions,Chennai,14000 INR,3 months,MCA,19,28,Remote
1538,Frontend Developer Intern,"JavaScript, React",InnovateX,Mumbai,8000 INR,5 months,BCA,22,26,Office-centric
1539,Frontend Developer Intern,"JavaScript, React",WebSolutions,Ahmedabad,18000 INR,1 month,B.Tech,21,27,Remote
1540,ML Engineer Intern,"Python, ML",AlgoNext,Mumbai,26000 INR,4 months,B.Tech,18,27,Office-centric
1541,Web Developer Intern,"Python, HTML, CSS",CloudNet,Noida,22000 INR,3 months,MCA,18,28,Remote
1542,Data Analyst Intern,"Data Analysis, SQL",AlgoNext,Hyderabad,26000 INR,3 months,MCA,22,26,Office-centric
1543,Cloud Developer Intern,"Java, Cloud",TechCorp,Hyderabad,20000 INR,2 months,B.Tech,21,29,Office-centric
1544,Data Analyst Intern,"Data Analysis, SQL",TechCorp,Delhi,8000 INR,2 months,M.Tech,19,27,Remote
1545,Cloud Developer Intern,"Java, Cloud",InnovateX,Mumbai,24000 INR,3 months,M.Tech,18,25,Remote
1546,Web Developer Intern,"Python, HTML, CSS",DevHub,Mumbai,30000 INR,2 months,B.Tech,22,26,Office-centric
1547,Backend Developer Intern,"Java, Backend",WebSolutions,Pune,20000 INR,4 months,M.Tech,20,27,Office-centric
1548,Web Developer Intern,"Python, HTML, CSS",InnovateX,Bangalore,16000 INR,5 months,B.Tech,21,26,Office-centric
1549,Frontend Developer Intern,"JavaScript, React",TechCorp,Gurgaon,18000 INR,2 months,M.Tech,18,23,Remote
1550,Backend Developer Intern,"Java, Backend",DevHub,Pune,16000 INR,3 months,B.Tech,19,24,Office-centric
1551,Cloud Developer Intern,"Java, Cloud",NextGenTech,Delhi,16000 INR,3 months,B.Tech,19,29,Office-centric
1552,Web Developer Intern,"Python, HTML, CSS",NextGenTech,Bangalore,16000 INR,2 months,B.Tech,20,24,Office-centric
1553,Data Analyst Intern,"Data Analysis, SQL",DevHub,Pune,26000 INR,4 months,B.Sc,19,23,Office-centric
1554,Data Analyst Intern,"Data Analysis, SQL",InnovateX,Pune,28000 INR,4 months,B.Tech,20,28,Remote
1555,Data Analyst Intern,"Data Analysis, SQL",CloudNet,Noida,26000 INR,3 months,MCA,22,29,Office-centric
1556,Frontend Developer Intern,"JavaScript, React",TechCorp,Delhi,12000 INR,4 months,B.Sc,19,26,Remote
1557,Cloud Developer Intern,"Java, Cloud",AlgoNext,Kolkata,30000 INR,5 months,B.Sc,21,28,Remote
1558,ML Engineer Intern,"Python, ML",TechCorp,Chennai,18000 INR,4 months,B.Tech,22,27,Remote
1559,Backend Developer Intern,"Java, Backend",TechCorp,Hyderabad,26000 INR,2 months,B.Tech,21,26,Remote
1560,ML Engineer Intern,"Python, ML",DataWorks,Delhi,22000 INR,5 months,B.Tech,18,26,Office-centric
1561,Web Developer Intern,"Python, HTML, CSS",TechCorp,Chennai,12000 INR,3 months,B.Sc,18,25,Office-centric
1562,Web Developer Intern,"Python, HTML, CSS",CloudNet,Bangalore,24000 INR,1 month,BCA,19,24,Office-centric
1563,Frontend Developer Intern,"JavaScript, React",CloudNet,Pune,26000 INR,1 month,MCA,19,23,Remote
1564,Backend Developer Intern,"Java, Backend",ByteWorks,Hyderabad,10000 INR,4 months,MCA,22,29,Remote
1565,Frontend Developer Intern,"JavaScript, React",TechCorp,Gurgaon,24000 INR,4 months,B.Tech,18,27,Office-centric
1566,ML Engineer Intern,"Python, ML",ByteWorks,Delhi,30000 INR,1 month,MCA,20,29,Remote
1567,ML Engineer Intern,"Python, ML",WebSolutions,Hyderabad,24000 INR,4 months,M.Tech,18,24,Remote
1568,ML Engineer Intern,"Python, ML",TechCorp,Bangalore,26000 INR,4 months,B.Sc,21,28,Office-centric
1569,Data Analyst Intern,"Data Analysis, SQL",ByteWorks,Kolkata,18000 INR,4 months,M.Tech,18,29,Office-centric
1570,Frontend Developer Intern,"JavaScript, React",NextGenTech,Delhi,20000 INR,3 months,B.Tech,21,29,Remote
1571,Backend Developer Intern,"Java, Backend",ByteWorks,Kolkata,8000 INR,3 months,M.Tech,20,24,Remote
1572,Backend Developer Intern,"Java, Backend",ByteWorks,Delhi,14000 INR,5 months,BCA,21,30,Office-centric
1573,Data Analyst Intern,"Data Analysis, SQL",DataWorks,Ahmedabad,8000 INR,1 month,BCA,20,23,Remote
1574,Web Developer Intern,"Python, HTML, CSS",NextGenTech,Bangalore,28000 INR,6 months,B.Tech,19,29,Office-centric
1575,Cloud Developer Intern,"Java, Cloud",AlgoNext,Ahmedabad,14000 INR,4 months,BCA,21,26,Remote
1576,Backend Developer Intern,"Java, Backend",NextGenTech,Mumbai,26000 INR,6 months,M.Tech,22,30,Remote
1577,ML Engineer Intern,"Python, ML",AlgoNext,Bangalore,18000 INR,4 months,B.Sc,22,26,Office-centric
1578,Data Analyst Intern,"Data Analysis, SQL",AlgoNext,Bangalore,10000 INR,3 months,M.Tech,19,24,Office-centric
1579,ML Engineer Intern,"Python, ML",ByteWorks,Kolkata,22000 INR,3 months,M.Tech,19,24,Remote
1580,Cloud Developer Intern,"Java, Cloud",WebSolutions,Kolkata,26000 INR,4 months,M.Tech,18,24,Remote
1581,Frontend Developer Intern,"JavaScript, React",TechCorp,Ahmedabad,10000 INR,5 months,B.Sc,22,26,Remote
1582,Cloud Developer Intern,"Java, Cloud",NextGenTech,Hyderabad,28000 INR,4 months,BCA,19,27,Remote
1583,Web Developer Intern,"Python, HTML, CSS",AlgoNext,Pune,16000 INR,4 months,BCA,18,27,Office-centric
1584,Backend Developer Intern,"Java, Backend",WebSolutions,Mumbai,18000 INR,6 months,M.Tech,22,27,Office-centric
1585,ML Engineer Intern,"Python, ML",SoftLab,Pune,22000 INR,3 months,B.Sc,19,25,Office-centric
1586,Data Analyst Intern,"Data Analysis, SQL",CloudNet,Bangalore,16000 INR,3 months,B.Tech,20,26,Office-centric
1587,Web Developer Intern,"Python, HTML, CSS",AlgoNext,Bangalore,10000 INR,4 months,B.Sc,19,27,Remote
1588,Web Developer Intern,"Python, HTML, CSS",NextGenTech,Delhi,20000 INR,1 month,B.Tech,22,28,Office-centric
1589,Cloud Developer Intern,"Java, Cloud",DataWorks,Delhi,10000 INR,1 month,M.Tech,20,26,Office-centric
1590,ML Engineer Intern,"Python, ML",NextGenTech,Hyderabad,26000 INR,6 months,B.Tech,22,28,Office-centric
1591,ML Engineer Intern,"Python, ML",DevHub,Chennai,30000 INR,4 months,B.Tech,22,24,Remote
1592,Web Developer Intern,"Python, HTML, CSS",InnovateX,Bangalore,24000 INR,1 month,M.Tech,19,28,Office-centric
1593,Web Developer Intern,"Python, HTML, CSS",ByteWorks,Kolkata,20000 INR,5 months,B.Tech,19,30,Office-centric
1594,Backend Developer Intern,"Java, Backend",NextGenTech,Pune,14000 INR,1 month,B.Tech,19,26,Remote
1595,Backend Developer Intern,"Java, Backend",DevHub,Mumbai,22000 INR,4 months,B.Sc,21,25,Remote
1596,Frontend Developer Intern,"JavaScript, React",DataWorks,Noida,8000 INR,3 months,M.Tech,18,29,Office-centric
1597,Cloud Developer Intern,"Java, Cloud",DevHub,Kolkata,20000 INR,6 months,MCA,18,27,Office-centric
1598,ML Engineer Intern,"Python, ML",DataWorks,Ahmedabad,30000 INR,5 months,B.Sc,18,27,Office-centric
1599,Data Analyst Intern,"Data Analysis, SQL",AlgoNext,Noida,10000 INR,3 months,BCA,22,27,Remote
1600,Data Analyst Intern,"Data Analysis, SQL",CloudNet,Noida,22000 INR,3 months,B.Sc,19,30,Office-centric
1601,Frontend Developer Intern,"JavaScript, React",TechCorp,Chennai,8000 INR,4 months,M.Tech,18,23,Remote
1602,Backend Developer Intern,"Java, Backend",ByteWorks,Pune,16000 INR,1 month,BCA,19,28,Remote
1603,Cloud Developer Intern,"Java, Cloud",TechCorp,Pune,20000 INR,5 months,B.Sc,21,27,Office-centric
1604,ML Engineer Intern,"Python, ML",DataWorks,Pune,10000 INR,1 month,M.Tech,18,24,Remote
1605,Cloud Developer Intern,"Java, Cloud",SoftLab,Hyderabad,30000 INR,5 months,BCA,21,27,Office-centric
1606,Cloud Developer Intern,"Java, Cloud",AlgoNext,Ahmedabad,20000 INR,4 months,B.Tech,18,28,Remote
1607,Data Analyst Intern,"Data Analysis, SQL",NextGenTech,Pune,14000 INR,1 month,MCA,22,30,Office-centric
1608,Web Developer Intern,"Python, HTML, CSS",DevHub,Bangalore,22000 INR,2 months,B.Tech,20,26,Remote
1609,Web Developer Intern,"Python, HTML, CSS",DevHub,Pune,18000 INR,5 months,M.Tech,19,30,Remote
1610,Frontend Developer Intern,"JavaScript, React",ByteWorks,Gurgaon,26000 INR,6 months,MCA,22,24,Remote
1611,Frontend Developer Intern,"JavaScript, React",DevHub,Noida,20000 INR,2 months,B.Sc,18,28,Office-centric
1612,Cloud Developer Intern,"Java, Cloud",SoftLab,Mumbai,10000 INR,5 months,BCA,19,26,Remote
1613,Backend Developer Intern,"Java, Backend",DevHub,Delhi,18000 INR,1 month,B.Sc,19,23,Office-centric
1614,Data Analyst Intern,"Data Analysis, SQL",SoftLab,Pune,14000 INR,4 months,B.Sc,21,30,Office-centric
1615,Frontend Developer Intern,"JavaScript, React",AlgoNext,Kolkata,18000 INR,3 months,B.Sc,19,25,Office-centric
1616,Cloud Developer Intern,"Java, Cloud",DataWorks,Mumbai,20000 INR,1 month,MCA,20,26,Remote
1617,ML Engineer Intern,"Python, ML",TechCorp,Ahmedabad,12000 INR,3 months,MCA,21,29,Office-centric
1618,Cloud Developer Intern,"Java, Cloud",TechCorp,Pune,26000 INR,1 month,M.Tech,19,28,Remote
1619,ML Engineer Intern,"Python, ML",AlgoNext,Hyderabad,26000 INR,1 month,BCA,18,26,Remote
1620,Web Developer Intern,"Python, HTML, CSS",AlgoNext,Pune,22000 INR,5 months,M.Tech,21,28,Remote
1621,ML Engineer Intern,"Python, ML",NextGenTech,Mumbai,16000 INR,3 months,BCA,22,27,Remote
1622,ML Engineer Intern,"Python, ML",DataWorks,Ahmedabad,28000 INR,3 months,BCA,21,27,Office-centric
1623,Cloud Developer Intern,"Java, Cloud",DevHub,Ahmedabad,8000 INR,6 months,B.Tech,19,30,Remote
1624,Frontend Developer Intern,"JavaScript, React",TechCorp,Mumbai,14000 INR,5 months,B.Sc,20,29,Office-centric
1625,ML Engineer Intern,"Python, ML",DevHub,Ahmedabad,20000 INR,2 months,B.Sc,18,28,Office-centric
1626,ML Engineer Intern,"Python, ML",CloudNet,Bangalore,28000 INR,1 month,B.Tech,18,25,Remote
1627,Web Developer Intern,"Python, HTML, CSS",InnovateX,Delhi,18000 INR,2 months,M.Tech,21,29,Office-centric
1628,Frontend Developer Intern,"JavaScript, React",CloudNet,Mumbai,20000 INR,2 months,B.Sc,20,30,Remote
1629,Data Analyst Intern,"Data Analysis, SQL",WebSolutions,Noida,20000 INR,4 months,B.Tech,22,23,Remote
1630,Backend Developer Intern,"Java, Backend",AlgoNext,Bangalore,12000 INR,4 months,B.Tech,20,23,Remote
1631,Cloud Developer Intern,"Java, Cloud",DevHub,Kolkata,20000 INR,2 months,BCA,21,25,Remote
1632,Frontend Developer Intern,"JavaScript, React",WebSolutions,Chennai,18000 INR,1 month,M.Tech,19,28,Office-centric
1633,Backend Developer Intern,"Java, Backend",DataWorks,Ahmedabad,24000 INR,1 month,M.Tech,20,23,Remote
1634,Frontend Developer Intern,"JavaScript, React",TechCorp,Pune,26000 INR,5 months,B.Sc,18,26,Remote
1635,Data Analyst Intern,"Data Analysis, SQL",DevHub,Ahmedabad,30000 INR,1 month,B.Tech,19,25,Remote
1636,Web Developer Intern,"Python, HTML, CSS",WebSolutions,Bangalore,8000 INR,3 months,B.Sc,20,26,Remote
1637,Frontend Developer Intern,"JavaScript, React",WebSolutions,Bangalore,10000 INR,3 months,B.Sc,18,30,Remote
1638,ML Engineer Intern,"Python, ML",ByteWorks,Bangalore,8000 INR,6 months,B.Tech,20,23,Remote
1639,Cloud Developer Intern,"Java, Cloud",DataWorks,Gurgaon,14000 INR,4 months,M.Tech,22,24,Remote
1640,Cloud Developer Intern,"Java, Cloud",AlgoNext,Noida,12000 INR,3 months,B.Tech,20,25,Office-centric
1641,Web Developer Intern,"Python, HTML, CSS",AlgoNext,Ahmedabad,20000 INR,1 month,MCA,20,30,Remote
1642,ML Engineer Intern,"Python, ML",DataWorks,Pune,24000 INR,2 months,M.Tech,21,30,Remote
1643,Cloud Developer Intern,"Java, Cloud",TechCorp,Hyderabad,12000 INR,4 months,B.Tech,19,27,Office-centric
1644,Backend Developer Intern,"Java, Backend",InnovateX,Ahmedabad,10000 INR,1 month,MCA,20,23,Office-centric
1645,ML Engineer Intern,"Python, ML",ByteWorks,Pune,20000 INR,6 months,B.Sc,22,28,Remote
1646,Frontend Developer Intern,"JavaScript, React",AlgoNext,Gurgaon,10000 INR,3 months,M.Tech,21,26,Office-centric
1647,Cloud Developer Intern,"Java, Cloud",WebSolutions,Ahmedabad,20000 INR,1 month,BCA,19,27,Remote
1648,Frontend Developer Intern,"JavaScript, React",InnovateX,Kolkata,18000 INR,3 months,M.Tech,19,29,Remote
1649,Backend Developer Intern,"Java, Backend",TechCorp,Kolkata,14000 INR,5 months,BCA,18,27,Office-centric
1650,Data Analyst Intern,"Data Analysis, SQL",CloudNet,Ahmedabad,18000 INR,4 months,M.Tech,18,27,Office-centric
1651,Backend Developer Intern,"Java, Backend",CloudNet,Bangalore,8000 INR,1 month,B.Tech,18,29,Office-centric
1652,ML Engineer Intern,"Python, ML",InnovateX,Delhi,28000 INR,5 months,B.Sc,22,28,Office-centric
1653,ML Engineer Intern,"Python, ML",ByteWorks,Noida,10000 INR,6 months,B.Sc,18,29,Office-centric
1654,Cloud Developer Intern,"Java, Cloud",DevHub,Pune,28000 INR,1 month,MCA,20,25,Office-centric
1655,Web Developer Intern,"Python, HTML, CSS",DevHub,Kolkata,22000 INR,6 months,MCA,21,26,Remote
1656,Backend Developer Intern,"Java, Backend",WebSolutions,Mumbai,28000 INR,1 month,B.Sc,21,27,Remote
1657,ML Engineer Intern,"Python, ML",ByteWorks,Delhi,20000 INR,2 months,B.Sc,18,30,Office-centric
1658,Cloud Developer Intern,"Java, Cloud",AlgoNext,Delhi,18000 INR,5 months,B.Tech,18,26,Office-centric
1659,Data Analyst Intern,"Data Analysis, SQL",TechCorp,Noida,18000 INR,6 months,M.Tech,19,25,Remote
1660,Frontend Developer Intern,"JavaScript, React",WebSolutions,Kolkata,18000 INR,2 months,MCA,22,28,Remote
1661,Frontend Developer Intern,"JavaScript, React",AlgoNext,Chennai,10000 INR,2 months,B.Tech,21,26,Office-centric
1662,Data Analyst Intern,"Data Analysis, SQL",TechCorp,Noida,18000 INR,3 months,BCA,18,26,Remote
1663,Cloud Developer Intern,"Java, Cloud",NextGenTech,Ahmedabad,18000 INR,1 month,B.Sc,19,25,Remote
1664,Web Developer Intern,"Python, HTML, CSS",NextGenTech,Noida,16000 INR,3 months,M.Tech,19,27,Office-centric
1665,Frontend Developer Intern,"JavaScript, React",WebSolutions,Kolkata,16000 INR,6 months,M.Tech,19,29,Office-centric
1666,Cloud Developer Intern,"Java, Cloud",ByteWorks,Chennai,24000 INR,6 months,MCA,22,28,Office-centric
1667,Backend Developer Intern,"Java, Backend",SoftLab,Delhi,14000 INR,3 months,B.Sc,20,26,Office-centric
1668,Data Analyst Intern,"Data Analysis, SQL",DataWorks,Ahmedabad,8000 INR,6 months,BCA,22,23,Remote
1669,Data Analyst Intern,"Data Analysis, SQL",AlgoNext,Kolkata,30000 INR,4 months,B.Sc,18,24,Office-centric
1670,Frontend Developer Intern,"JavaScript, React",DevHub,Mumbai,10000 INR,6 months,B.Sc,21,29,Office-centric
1671,Frontend Developer Intern,"JavaScript, React",CloudNet,Chennai,26000 INR,3 months,B.Sc,18,24,Office-centric
1672,Backend Developer Intern,"Java, Backend",ByteWorks,Delhi,28000 INR,3 months,BCA,20,29,Remote
1673,Cloud Developer Intern,"Java, Cloud",TechCorp,Kolkata,14000 INR,4 months,BCA,19,27,Remote
1674,Frontend Developer Intern,"JavaScript, React",CloudNet,Mumbai,30000 INR,3 months,B.Tech,22,30,Remote
1675,Backend Developer Intern,"Java, Backend",DataWorks,Mumbai,8000 INR,3 months,M.Tech,19,24,Office-centric
1676,Web Developer Intern,"Python, HTML, CSS",TechCorp,Pune,30000 INR,6 months,B.Sc,22,23,Office-centric
1677,Web Developer Intern,"Python, HTML, CSS",TechCorp,Mumbai,30000 INR,2 months,B.Tech,21,30,Office-centric
1678,Web Developer Intern,"Python, HTML, CSS",InnovateX,Delhi,10000 INR,6 months,MCA,19,26,Remote
1679,Web Developer Intern,"Python, HTML, CSS",DataWorks,Pune,20000 INR,6 months,BCA,22,27,Remote
1680,Frontend Developer Intern,"JavaScript, React",ByteWorks,Pune,24000 INR,3 months,B.Tech,18,29,Office-centric
1681,ML Engineer Intern,"Python, ML",DevHub,Kolkata,24000 INR,4 months,MCA,18,28,Remote
1682,ML Engineer Intern,"Python, ML",NextGenTech,Bangalore,14000 INR,2 months,M.Tech,19,27,Remote
1683,Cloud Developer Intern,"Java, Cloud",DevHub,Gurgaon,12000 INR,5 months,MCA,18,26,Office-centric
1684,ML Engineer Intern,"Python, ML",DevHub,Gurgaon,16000 INR,6 months,MCA,19,26,Office-centric
1685,Cloud Developer Intern,"Java, Cloud",DevHub,Chennai,14000 INR,2 months,BCA,21,30,Remote
1686,Backend Developer Intern,"Java, Backend",AlgoNext,Pune,12000 INR,2 months,B.Tech,20,26,Office-centric
1687,Frontend Developer Intern,"JavaScript, React",InnovateX,Chennai,20000 INR,4 months,B.Sc,18,28,Remote
1688,Backend Developer Intern,"Java, Backend",NextGenTech,Pune,26000 INR,6 months,MCA,18,26,Remote
1689,Data Analyst Intern,"Data Analysis, SQL",DevHub,Gurgaon,16000 INR,2 months,MCA,18,24,Remote
1690,ML Engineer Intern,"Python, ML",DataWorks,Chennai,26000 INR,3 months,B.Sc,20,29,Remote
1691,Web Developer Intern,"Python, HTML, CSS",TechCorp,Chennai,28000 INR,3 months,M.Tech,20,24,Remote
1692,Web Developer Intern,"Python, HTML, CSS",TechCorp,Kolkata,16000 INR,4 months,MCA,19,30,Office-centric
1693,Web Developer Intern,"Python, HTML, CSS",DevHub,Noida,30000 INR,2 months,B.Tech,22,30,Remote
1694,ML Engineer Intern,"Python, ML",CloudNet,Chennai,30000 INR,2 months,B.Tech,19,27,Remote
1695,ML Engineer Intern,"Python, ML",SoftLab,Pune,24000 INR,5 months,B.Tech,20,26,Office-centric
1696,Web Developer Intern,"Python, HTML, CSS",TechCorp,Chennai,12000 INR,6 months,MCA,21,23,Remote
1697,Data Analyst Intern,"Data Analysis, SQL",ByteWorks,Hyderabad,16000 INR,5 months,M.Tech,19,23,Office-centric
1698,Cloud Developer Intern,"Java, Cloud",NextGenTech,Noida,18000 INR,4 months,MCA,19,24,Remote
1699,Data Analyst Intern,"Data Analysis, SQL",ByteWorks,Mumbai,24000 INR,2 months,BCA,21,28,Office-centric
1700,Frontend Developer Intern,"JavaScript, React",NextGenTech,Kolkata,28000 INR,2 months,B.Tech,19,24,Office-centric
