InternshipID,InternshipRole,RequiredSkills,Organization,CityLocation,Stipend,Duration,EducationRequired,MinAge,MaxAge,InternshipType,RequiredSkills_lst
1001,Frontend Developer Intern,"JavaScript, React",NextGenTech,Mumbai,20000 INR,4 months,B.Sc,18,24,Office-centric,"['JavaScript', 'React']"
1002,Web Developer Intern,"Python, HTML, CSS",InnovateX,Delhi,28000 INR,5 months,M.Tech,20,25,Remote,"['CSS', 'HTML', 'Python']"
1003,ML Engineer Intern,"Python, ML",DevHub,Delhi,16000 INR,4 months,MCA,18,24,Office-centric,"['ML', 'Python']"
1004,Data Analyst Intern,"Data Analysis, SQL",CloudNet,Bangalore,20000 INR,4 months,M.Tech,22,28,Office-centric,"['Data Analysis', 'SQL']"
1005,Data Analyst Intern,"Data Analysis, SQL",TechCorp,Noida,26000 INR,5 months,B.Tech,21,26,Remote,"['Data Analysis', 'SQL']"
1006,Cloud Developer Intern,"Java, Cloud",ByteWorks,Ahmedabad,22000 INR,6 months,MCA,20,23,Office-centric,"['Cloud', 'Java']"
1007,Frontend Developer Intern,"JavaScript, React",CloudNet,Mumbai,14000 INR,1 month,BCA,20,26,Office-centric,"['JavaScript', 'React']"
1008,Frontend Developer Intern,"JavaScript, React",SoftLab,Mumbai,8000 INR,6 months,B.Tech,21,27,Office-centric,"['JavaScript', 'React']"
1009,Data Analyst Intern,"Data Analysis, SQL",NextGenTech,Ahmedabad,24000 INR,5 months,B.Tech,22,26,Office-centric,"['Data Analysis', 'SQL']"
1010,ML Engineer Intern,"Python, ML",CloudNet,Chennai,16000 INR,5 months,MCA,22,30,Office-centric,"['ML', 'Python']"
1011,Cloud Developer Intern,"Java, Cloud",WebSolutions,Mumbai,10000 INR,4 months,B.Sc,22,27,Remote,"['Cloud', 'Java']"
1012,Web Developer Intern,"Python, HTML, CSS",WebSolutions,Mumbai,10000 INR,2 months,M.Tech,21,29,Office-centric,"['CSS', 'HTML', 'Python']"
1013,Cloud Developer Intern,"Java, Cloud",DevHub,Noida,8000 INR,2 months,B.Tech,18,28,Remote,"['Cloud', 'Java']"
1014,Web Developer Intern,"Python, HTML, CSS",AlgoNext,Hyderabad,16000 INR,1 month,M.Tech,19,27,Office-centric,"['CSS', 'HTML', 'Python']"
1015,Frontend Developer Intern,"JavaScript, React",DevHub,Mumbai,28000 INR,1 month,BCA,18,29,Remote,"['JavaScript', 'React']"
1016,Frontend Developer Intern,"JavaScript, React",AlgoNext,Bangalore,24000 INR,4 months,B.Tech,20,30,Office-centric,"['JavaScript', 'React']"
1017,Frontend Developer Intern,"JavaScript, React",ByteWorks,Gurgaon,12000 INR,1 month,B.Tech,21,30,Remote,"['JavaScript', 'React']"
1018,Backend Developer Intern,"Java, Backend",InnovateX,Noida,28000 INR,4 months,M.Tech,19,27,Office-centric,"['Backend', 'Java']"
1019,Web Developer Intern,"Python, HTML, CSS",CloudNet,Delhi,24000 INR,3 months,MCA,18,27,Remote,"['CSS', 'HTML', 'Python']"
1020,Data Analyst Intern,"Data Analysis, SQL",DevHub,Mumbai,24000 INR,2 months,B.Sc,18,23,Remote,"['Data Analysis', 'SQL']"
1021,Frontend Developer Intern,"JavaScript, React",ByteWorks,Mumbai,18000 INR,3 months,MCA,22,26,Office-centric,"['JavaScript', 'React']"
1022,ML Engineer Intern,"Python, ML",InnovateX,Pune,28000 INR,4 months,B.Tech,21,26,Remote,"['ML', 'Python']"
1023,ML Engineer Intern,"Python, ML",TechCorp,Noida,12000 INR,4 months,BCA,21,23,Remote,"['ML', 'Python']"
1024,Cloud Developer Intern,"Java, Cloud",SoftLab,Chennai,26000 INR,1 month,MCA,20,28,Remote,"['Cloud', 'Java']"
1025,Web Developer Intern,"Python, HTML, CSS",WebSolutions,Delhi,18000 INR,2 months,B.Sc,22,23,Office-centric,"['CSS', 'HTML', 'Python']"
1026,Data Analyst Intern,"Data Analysis, SQL",InnovateX,Hyderabad,26000 INR,6 months,B.Tech,20,27,Office-centric,"['Data Analysis', 'SQL']"
1027,ML Engineer Intern,"Python, ML",WebSolutions,Chennai,10000 INR,6 months,MCA,19,28,Office-centric,"['ML', 'Python']"
1028,Cloud Developer Intern,"Java, Cloud",SoftLab,Kolkata,20000 INR,3 months,MCA,18,28,Office-centric,"['Cloud', 'Java']"
1029,Frontend Developer Intern,"JavaScript, React",SoftLab,Kolkata,16000 INR,1 month,MCA,21,29,Office-centric,"['JavaScript', 'React']"
1030,Frontend Developer Intern,"JavaScript, React",WebSolutions,Delhi,26000 INR,5 months,M.Tech,18,26,Remote,"['JavaScript', 'React']"
1031,Cloud Developer Intern,"Java, Cloud",SoftLab,Kolkata,14000 INR,6 months,MCA,19,28,Office-centric,"['Cloud', 'Java']"
1032,Cloud Developer Intern,"Java, Cloud",NextGenTech,Delhi,24000 INR,4 months,MCA,19,24,Office-centric,"['Cloud', 'Java']"
1033,Frontend Developer Intern,"JavaScript, React",ByteWorks,Chennai,18000 INR,3 months,BCA,22,30,Remote,"['JavaScript', 'React']"
1034,Data Analyst Intern,"Data Analysis, SQL",ByteWorks,Kolkata,26000 INR,3 months,BCA,18,24,Remote,"['Data Analysis', 'SQL']"
1035,Frontend Developer Intern,"JavaScript, React",NextGenTech,Chennai,22000 INR,4 months,B.Sc,21,26,Office-centric,"['JavaScript', 'React']"
1036,Frontend Developer Intern,"JavaScript, React",InnovateX,Gurgaon,8000 INR,5 months,B.Tech,19,25,Remote,"['JavaScript', 'React']"
1037,Data Analyst Intern,"Data Analysis, SQL",TechCorp,Bangalore,12000 INR,1 month,B.Tech,20,25,Remote,"['Data Analysis', 'SQL']"
1038,Web Developer Intern,"Python, HTML, CSS",WebSolutions,Noida,24000 INR,4 months,MCA,19,28,Remote,"['CSS', 'HTML', 'Python']"
1039,Cloud Developer Intern,"Java, Cloud",AlgoNext,Gurgaon,22000 INR,6 months,M.Tech,19,26,Remote,"['Cloud', 'Java']"
1040,ML Engineer Intern,"Python, ML",SoftLab,Bangalore,18000 INR,4 months,B.Tech,20,28,Office-centric,"['ML', 'Python']"
1041,Web Developer Intern,"Python, HTML, CSS",SoftLab,Ahmedabad,24000 INR,5 months,M.Tech,22,29,Office-centric,"['CSS', 'HTML', 'Python']"
1042,Data Analyst Intern,"Data Analysis, SQL",TechCorp,Bangalore,26000 INR,6 months,BCA,19,27,Office-centric,"['Data Analysis', 'SQL']"
1043,Web Developer Intern,"Python, HTML, CSS",NextGenTech,Chennai,8000 INR,2 months,MCA,21,25,Office-centric,"['CSS', 'HTML', 'Python']"
1044,Cloud Developer Intern,"Java, Cloud",DevHub,Mumbai,28000 INR,1 month,MCA,20,26,Office-centric,"['Cloud', 'Java']"
1045,Backend Developer Intern,"Java, Backend",TechCorp,Mumbai,18000 INR,6 months,MCA,21,29,Office-centric,"['Backend', 'Java']"
1046,Cloud Developer Intern,"Java, Cloud",SoftLab,Delhi,20000 INR,5 months,BCA,22,24,Remote,"['Cloud', 'Java']"
1047,Web Developer Intern,"Python, HTML, CSS",DataWorks,Ahmedabad,30000 INR,1 month,MCA,18,24,Office-centric,"['CSS', 'HTML', 'Python']"
1048,Backend Developer Intern,"Java, Backend",TechCorp,Bangalore,16000 INR,6 months,B.Tech,22,27,Office-centric,"['Backend', 'Java']"
1049,Cloud Developer Intern,"Java, Cloud",TechCorp,Noida,26000 INR,3 months,MCA,20,25,Remote,"['Cloud', 'Java']"
1050,Frontend Developer Intern,"JavaScript, React",NextGenTech,Bangalore,12000 INR,6 months,BCA,21,25,Office-centric,"['JavaScript', 'React']"
1051,Frontend Developer Intern,"JavaScript, React",AlgoNext,Ahmedabad,26000 INR,4 months,B.Sc,21,26,Office-centric,"['JavaScript', 'React']"
1052,Data Analyst Intern,"Data Analysis, SQL",InnovateX,Noida,12000 INR,2 months,M.Tech,20,24,Office-centric,"['Data Analysis', 'SQL']"
1053,Cloud Developer Intern,"Java, Cloud",DataWorks,Hyderabad,22000 INR,5 months,BCA,21,23,Office-centric,"['Cloud', 'Java']"
1054,Backend Developer Intern,"Java, Backend",DataWorks,Chennai,16000 INR,1 month,MCA,19,29,Office-centric,"['Backend', 'Java']"
1055,Data Analyst Intern,"Data Analysis, SQL",DevHub,Noida,18000 INR,5 months,B.Sc,20,24,Office-centric,"['Data Analysis', 'SQL']"
1056,Data Analyst Intern,"Data Analysis, SQL",WebSolutions,Delhi,8000 INR,5 months,MCA,18,26,Remote,"['Data Analysis', 'SQL']"
1057,Data Analyst Intern,"Data Analysis, SQL",InnovateX,Kolkata,26000 INR,5 months,B.Tech,21,26,Remote,"['Data Analysis', 'SQL']"
1058,Backend Developer Intern,"Java, Backend",AlgoNext,Delhi,10000 INR,2 months,M.Tech,18,23,Remote,"['Backend', 'Java']"
1059,Web Developer Intern,"Python, HTML, CSS",SoftLab,Chennai,28000 INR,6 months,BCA,20,29,Remote,"['CSS', 'HTML', 'Python']"
1060,Web Developer Intern,"Python, HTML, CSS",InnovateX,Delhi,30000 INR,2 months,BCA,20,27,Office-centric,"['CSS', 'HTML', 'Python']"
1061,Frontend Developer Intern,"JavaScript, React",CloudNet,Ahmedabad,16000 INR,6 months,M.Tech,22,28,Office-centric,"['JavaScript', 'React']"
1062,Cloud Developer Intern,"Java, Cloud",DataWorks,Chennai,8000 INR,3 months,MCA,21,30,Remote,"['Cloud', 'Java']"
1063,Backend Developer Intern,"Java, Backend",DataWorks,Chennai,8000 INR,2 months,B.Sc,18,29,Office-centric,"['Backend', 'Java']"
1064,Backend Developer Intern,"Java, Backend",NextGenTech,Pune,12000 INR,3 months,B.Sc,20,27,Office-centric,"['Backend', 'Java']"
1065,Frontend Developer Intern,"JavaScript, React",InnovateX,Hyderabad,24000 INR,2 months,B.Sc,22,30,Office-centric,"['JavaScript', 'React']"
1066,Data Analyst Intern,"Data Analysis, SQL",InnovateX,Bangalore,30000 INR,4 months,MCA,18,29,Office-centric,"['Data Analysis', 'SQL']"
1067,Web Developer Intern,"Python, HTML, CSS",WebSolutions,Delhi,18000 INR,5 months,M.Tech,22,29,Remote,"['CSS', 'HTML', 'Python']"
1068,Backend Developer Intern,"Java, Backend",DevHub,Bangalore,26000 INR,6 months,BCA,21,29,Office-centric,"['Backend', 'Java']"
1069,Frontend Developer Intern,"JavaScript, React",ByteWorks,Ahmedabad,22000 INR,4 months,B.Tech,22,28,Remote,"['JavaScript', 'React']"
1070,Web Developer Intern,"Python, HTML, CSS",TechCorp,Mumbai,22000 INR,2 months,B.Sc,20,30,Office-centric,"['CSS', 'HTML', 'Python']"
1071,Backend Developer Intern,"Java, Backend",InnovateX,Kolkata,28000 INR,5 months,MCA,20,30,Remote,"['Backend', 'Java']"
1072,ML Engineer Intern,"Python, ML",DataWorks,Kolkata,16000 INR,1 month,B.Tech,22,30,Remote,"['ML', 'Python']"
1073,Web Developer Intern,"Python, HTML, CSS",AlgoNext,Delhi,26000 INR,3 months,B.Sc,20,29,Remote,"['CSS', 'HTML', 'Python']"
1074,ML Engineer Intern,"Python, ML",WebSolutions,Pune,10000 INR,4 months,B.Tech,22,26,Remote,"['ML', 'Python']"
1075,Cloud Developer Intern,"Java, Cloud",TechCorp,Delhi,28000 INR,3 months,MCA,20,26,Remote,"['Cloud', 'Java']"
1076,Data Analyst Intern,"Data Analysis, SQL",WebSolutions,Kolkata,18000 INR,4 months,B.Sc,19,30,Office-centric,"['Data Analysis', 'SQL']"
1077,Web Developer Intern,"Python, HTML, CSS",CloudNet,Ahmedabad,16000 INR,1 month,M.Tech,20,29,Remote,"['CSS', 'HTML', 'Python']"
1078,Frontend Developer Intern,"JavaScript, React",NextGenTech,Kolkata,16000 INR,5 months,B.Tech,22,23,Office-centric,"['JavaScript', 'React']"
1079,Data Analyst Intern,"Data Analysis, SQL",DevHub,Gurgaon,18000 INR,2 months,M.Tech,19,27,Office-centric,"['Data Analysis', 'SQL']"
1080,ML Engineer Intern,"Python, ML",AlgoNext,Bangalore,16000 INR,5 months,MCA,18,27,Office-centric,"['ML', 'Python']"
1081,Cloud Developer Intern,"Java, Cloud",CloudNet,Chennai,22000 INR,4 months,B.Sc,19,29,Remote,"['Cloud', 'Java']"
1082,Cloud Developer Intern,"Java, Cloud",SoftLab,Ahmedabad,28000 INR,6 months,M.Tech,18,29,Remote,"['Cloud', 'Java']"
1083,Backend Developer Intern,"Java, Backend",TechCorp,Kolkata,24000 INR,6 months,M.Tech,22,30,Remote,"['Backend', 'Java']"
1084,Frontend Developer Intern,"JavaScript, React",NextGenTech,Hyderabad,8000 INR,2 months,M.Tech,19,30,Remote,"['JavaScript', 'React']"
1085,Backend Developer Intern,"Java, Backend",TechCorp,Ahmedabad,10000 INR,6 months,M.Tech,18,28,Office-centric,"['Backend', 'Java']"
1086,Frontend Developer Intern,"JavaScript, React",TechCorp,Chennai,26000 INR,1 month,B.Sc,22,25,Office-centric,"['JavaScript', 'React']"
1087,Web Developer Intern,"Python, HTML, CSS",DevHub,Ahmedabad,28000 INR,1 month,MCA,18,26,Office-centric,"['CSS', 'HTML', 'Python']"
1088,Data Analyst Intern,"Data Analysis, SQL",DataWorks,Ahmedabad,26000 INR,6 months,B.Sc,19,27,Remote,"['Data Analysis', 'SQL']"
1089,Web Developer Intern,"Python, HTML, CSS",NextGenTech,Bangalore,30000 INR,4 months,B.Tech,21,24,Remote,"['CSS', 'HTML', 'Python']"
1090,ML Engineer Intern,"Python, ML",SoftLab,Bangalore,10000 INR,4 months,MCA,19,23,Remote,"['ML', 'Python']"
1091,Web Developer Intern,"Python, HTML, CSS",WebSolutions,Gurgaon,10000 INR,5 months,B.Sc,19,26,Remote,"['CSS', 'HTML', 'Python']"
1092,Data Analyst Intern,"Data Analysis, SQL",CloudNet,Chennai,20000 INR,2 months,B.Tech,21,23,Office-centric,"['Data Analysis', 'SQL']"
1093,ML Engineer Intern,"Python, ML",SoftLab,Noida,24000 INR,4 months,M.Tech,20,24,Office-centric,"['ML', 'Python']"
1094,Cloud Developer Intern,"Java, Cloud",SoftLab,Pune,14000 INR,2 months,B.Tech,20,28,Remote,"['Cloud', 'Java']"
1095,Backend Developer Intern,"Java, Backend",CloudNet,Chennai,30000 INR,2 months,MCA,21,30,Remote,"['Backend', 'Java']"
1096,Web Developer Intern,"Python, HTML, CSS",AlgoNext,Mumbai,20000 INR,3 months,B.Tech,21,30,Remote,"['CSS', 'HTML', 'Python']"
1097,Backend Developer Intern,"Java, Backend",ByteWorks,Hyderabad,8000 INR,2 months,M.Tech,19,27,Remote,"['Backend', 'Java']"
1098,Cloud Developer Intern,"Java, Cloud",DataWorks,Hyderabad,30000 INR,5 months,B.Sc,21,30,Remote,"['Cloud', 'Java']"
1099,Frontend Developer Intern,"JavaScript, React",AlgoNext,Kolkata,10000 INR,2 months,M.Tech,21,25,Remote,"['JavaScript', 'React']"
1100,Frontend Developer Intern,"JavaScript, React",DevHub,Pune,14000 INR,2 months,M.Tech,18,26,Office-centric,"['JavaScript', 'React']"
1101,Web Developer Intern,"Python, HTML, CSS",DevHub,Pune,10000 INR,1 month,BCA,19,24,Remote,"['CSS', 'HTML', 'Python']"
1102,ML Engineer Intern,"Python, ML",AlgoNext,Hyderabad,24000 INR,4 months,M.Tech,21,28,Office-centric,"['ML', 'Python']"
1103,Backend Developer Intern,"Java, Backend",SoftLab,Hyderabad,14000 INR,2 months,B.Tech,22,24,Office-centric,"['Backend', 'Java']"
1104,Data Analyst Intern,"Data Analysis, SQL",DataWorks,Chennai,28000 INR,5 months,BCA,18,30,Remote,"['Data Analysis', 'SQL']"
1105,Cloud Developer Intern,"Java, Cloud",AlgoNext,Bangalore,12000 INR,5 months,M.Tech,20,24,Office-centric,"['Cloud', 'Java']"
1106,Cloud Developer Intern,"Java, Cloud",InnovateX,Hyderabad,18000 INR,3 months,MCA,18,28,Remote,"['Cloud', 'Java']"
1107,Web Developer Intern,"Python, HTML, CSS",CloudNet,Mumbai,10000 INR,2 months,B.Sc,18,27,Office-centric,"['CSS', 'HTML', 'Python']"
1108,Frontend Developer Intern,"JavaScript, React",WebSolutions,Kolkata,24000 INR,6 months,MCA,19,27,Remote,"['JavaScript', 'React']"
1109,Web Developer Intern,"Python, HTML, CSS",InnovateX,Noida,28000 INR,3 months,B.Tech,22,27,Remote,"['CSS', 'HTML', 'Python']"
1110,Cloud Developer Intern,"Java, Cloud",ByteWorks,Hyderabad,26000 INR,4 months,B.Sc,21,29,Office-centric,"['Cloud', 'Java']"
1111,Data Analyst Intern,"Data Analysis, SQL",AlgoNext,Mumbai,18000 INR,5 months,MCA,20,29,Office-centric,"['Data Analysis', 'SQL']"
1112,Data Analyst Intern,"Data Analysis, SQL",ByteWorks,Gurgaon,22000 INR,6 months,B.Sc,19,29,Office-centric,"['Data Analysis', 'SQL']"
1113,Data Analyst Intern,"Data Analysis, SQL",AlgoNext,Pune,30000 INR,6 months,BCA,22,25,Office-centric,"['Data Analysis', 'SQL']"
1114,Backend Developer Intern,"Java, Backend",TechCorp,Kolkata,10000 INR,1 month,B.Tech,22,30,Office-centric,"['Backend', 'Java']"
1115,Data Analyst Intern,"Data Analysis, SQL",CloudNet,Hyderabad,12000 INR,5 months,B.Tech,20,24,Remote,"['Data Analysis', 'SQL']"
1116,ML Engineer Intern,"Python, ML",CloudNet,Chennai,20000 INR,2 months,M.Tech,22,28,Remote,"['ML', 'Python']"
1117,Cloud Developer Intern,"Java, Cloud",NextGenTech,Kolkata,22000 INR,6 months,M.Tech,20,30,Office-centric,"['Cloud', 'Java']"
1118,Web Developer Intern,"Python, HTML, CSS",TechCorp,Mumbai,30000 INR,1 month,BCA,19,24,Remote,"['CSS', 'HTML', 'Python']"
1119,Cloud Developer Intern,"Java, Cloud",DevHub,Gurgaon,18000 INR,3 months,MCA,20,30,Office-centric,"['Cloud', 'Java']"
1120,Backend Developer Intern,"Java, Backend",DataWorks,Delhi,10000 INR,6 months,M.Tech,22,23,Office-centric,"['Backend', 'Java']"
1121,Cloud Developer Intern,"Java, Cloud",ByteWorks,Hyderabad,10000 INR,2 months,MCA,22,26,Remote,"['Cloud', 'Java']"
1122,ML Engineer Intern,"Python, ML",ByteWorks,Hyderabad,12000 INR,6 months,M.Tech,19,29,Office-centric,"['ML', 'Python']"
1123,ML Engineer Intern,"Python, ML",DevHub,Gurgaon,10000 INR,6 months,B.Sc,18,23,Office-centric,"['ML', 'Python']"
1124,Backend Developer Intern,"Java, Backend",TechCorp,Noida,14000 INR,1 month,M.Tech,22,29,Remote,"['Backend', 'Java']"
1125,ML Engineer Intern,"Python, ML",InnovateX,Delhi,20000 INR,1 month,B.Sc,21,29,Remote,"['ML', 'Python']"
1126,Cloud Developer Intern,"Java, Cloud",WebSolutions,Mumbai,14000 INR,5 months,BCA,19,27,Office-centric,"['Cloud', 'Java']"
1127,Data Analyst Intern,"Data Analysis, SQL",SoftLab,Noida,8000 INR,6 months,MCA,21,29,Remote,"['Data Analysis', 'SQL']"
1128,Frontend Developer Intern,"JavaScript, React",InnovateX,Kolkata,10000 INR,5 months,MCA,22,29,Office-centric,"['JavaScript', 'React']"
1129,Data Analyst Intern,"Data Analysis, SQL",TechCorp,Chennai,10000 INR,5 months,B.Tech,22,25,Remote,"['Data Analysis', 'SQL']"
1130,Data Analyst Intern,"Data Analysis, SQL",DevHub,Noida,14000 INR,5 months,MCA,19,23,Remote,"['Data Analysis', 'SQL']"
1131,Web Developer Intern,"Python, HTML, CSS",TechCorp,Kolkata,14000 INR,1 month,BCA,19,28,Remote,"['CSS', 'HTML', 'Python']"
1132,Data Analyst Intern,"Data Analysis, SQL",WebSolutions,Bangalore,22000 INR,6 months,M.Tech,21,25,Remote,"['Data Analysis', 'SQL']"
1133,Cloud Developer Intern,"Java, Cloud",NextGenTech,Noida,8000 INR,5 months,B.Sc,22,30,Remote,"['Cloud', 'Java']"
1134,ML Engineer Intern,"Python, ML",ByteWorks,Chennai,10000 INR,2 months,B.Tech,18,28,Office-centric,"['ML', 'Python']"
1135,Web Developer Intern,"Python, HTML, CSS",ByteWorks,Ahmedabad,22000 INR,3 months,M.Tech,22,29,Remote,"['CSS', 'HTML', 'Python']"
1136,Data Analyst Intern,"Data Analysis, SQL",SoftLab,Mumbai,30000 INR,5 months,MCA,18,28,Remote,"['Data Analysis', 'SQL']"
1137,Backend Developer Intern,"Java, Backend",NextGenTech,Delhi,16000 INR,5 months,B.Sc,22,23,Remote,"['Backend', 'Java']"
1138,Web Developer Intern,"Python, HTML, CSS",AlgoNext,Pune,10000 INR,2 months,B.Sc,20,23,Remote,"['CSS', 'HTML', 'Python']"
1139,Cloud Developer Intern,"Java, Cloud",WebSolutions,Gurgaon,20000 INR,4 months,MCA,19,25,Remote,"['Cloud', 'Java']"
1140,Backend Developer Intern,"Java, Backend",DataWorks,Ahmedabad,18000 INR,2 months,M.Tech,21,28,Remote,"['Backend', 'Java']"
1141,Frontend Developer Intern,"JavaScript, React",NextGenTech,Pune,8000 INR,5 months,B.Tech,20,25,Office-centric,"['JavaScript', 'React']"
1142,Backend Developer Intern,"Java, Backend",TechCorp,Ahmedabad,16000 INR,4 months,BCA,20,27,Remote,"['Backend', 'Java']"
1143,Backend Developer Intern,"Java, Backend",SoftLab,Chennai,30000 INR,5 months,B.Sc,22,27,Office-centric,"['Backend', 'Java']"
1144,Cloud Developer Intern,"Java, Cloud",NextGenTech,Mumbai,24000 INR,5 months,B.Sc,19,23,Office-centric,"['Cloud', 'Java']"
1145,Backend Developer Intern,"Java, Backend",AlgoNext,Delhi,30000 INR,4 months,MCA,22,25,Remote,"['Backend', 'Java']"
1146,Data Analyst Intern,"Data Analysis, SQL",DevHub,Bangalore,8000 INR,3 months,MCA,20,25,Remote,"['Data Analysis', 'SQL']"
1147,Cloud Developer Intern,"Java, Cloud",DataWorks,Chennai,12000 INR,5 months,B.Sc,19,30,Remote,"['Cloud', 'Java']"
1148,Data Analyst Intern,"Data Analysis, SQL",DataWorks,Hyderabad,12000 INR,3 months,MCA,18,23,Office-centric,"['Data Analysis', 'SQL']"
1149,Data Analyst Intern,"Data Analysis, SQL",NextGenTech,Mumbai,12000 INR,1 month,B.Sc,20,29,Office-centric,"['Data Analysis', 'SQL']"
1150,Web Developer Intern,"Python, HTML, CSS",WebSolutions,Ahmedabad,26000 INR,2 months,BCA,18,24,Office-centric,"['CSS', 'HTML', 'Python']"
1151,Data Analyst Intern,"Data Analysis, SQL",SoftLab,Chennai,26000 INR,6 months,M.Tech,19,29,Office-centric,"['Data Analysis', 'SQL']"
1152,Cloud Developer Intern,"Java, Cloud",ByteWorks,Ahmedabad,20000 INR,5 months,B.Sc,19,28,Remote,"['Cloud', 'Java']"
1153,Backend Developer Intern,"Java, Backend",NextGenTech,Noida,12000 INR,6 months,BCA,18,25,Remote,"['Backend', 'Java']"
1154,ML Engineer Intern,"Python, ML",InnovateX,Pune,30000 INR,3 months,MCA,20,23,Remote,"['ML', 'Python']"
1155,Data Analyst Intern,"Data Analysis, SQL",WebSolutions,Noida,20000 INR,6 months,M.Tech,19,23,Remote,"['Data Analysis', 'SQL']"
1156,Cloud Developer Intern,"Java, Cloud",CloudNet,Kolkata,18000 INR,2 months,B.Tech,22,28,Remote,"['Cloud', 'Java']"
1157,ML Engineer Intern,"Python, ML",InnovateX,Bangalore,14000 INR,5 months,M.Tech,19,30,Remote,"['ML', 'Python']"
1158,Data Analyst Intern,"Data Analysis, SQL",DataWorks,Gurgaon,14000 INR,5 months,M.Tech,18,30,Remote,"['Data Analysis', 'SQL']"
1159,Web Developer Intern,"Python, HTML, CSS",CloudNet,Chennai,8000 INR,3 months,BCA,19,28,Remote,"['CSS', 'HTML', 'Python']"
1160,Frontend Developer Intern,"JavaScript, React",DataWorks,Ahmedabad,12000 INR,6 months,B.Sc,22,24,Remote,"['JavaScript', 'React']"
1161,Data Analyst Intern,"Data Analysis, SQL",WebSolutions,Chennai,26000 INR,2 months,M.Tech,20,25,Office-centric,"['Data Analysis', 'SQL']"
1162,ML Engineer Intern,"Python, ML",ByteWorks,Gurgaon,26000 INR,3 months,M.Tech,22,30,Remote,"['ML', 'Python']"
1163,Cloud Developer Intern,"Java, Cloud",TechCorp,Hyderabad,24000 INR,1 month,MCA,18,30,Remote,"['Cloud', 'Java']"
1164,Frontend Developer Intern,"JavaScript, React",TechCorp,Pune,28000 INR,6 months,B.Sc,18,28,Office-centric,"['JavaScript', 'React']"
1165,ML Engineer Intern,"Python, ML",ByteWorks,Mumbai,20000 INR,6 months,B.Sc,19,24,Office-centric,"['ML', 'Python']"
1166,Cloud Developer Intern,"Java, Cloud",SoftLab,Mumbai,12000 INR,6 months,B.Tech,21,29,Office-centric,"['Cloud', 'Java']"
1167,ML Engineer Intern,"Python, ML",DataWorks,Pune,28000 INR,4 months,MCA,19,29,Office-centric,"['ML', 'Python']"
1168,Web Developer Intern,"Python, HTML, CSS",AlgoNext,Chennai,28000 INR,4 months,M.Tech,20,23,Office-centric,"['CSS', 'HTML', 'Python']"
1169,Cloud Developer Intern,"Java, Cloud",DataWorks,Bangalore,20000 INR,2 months,BCA,18,28,Office-centric,"['Cloud', 'Java']"
1170,Data Analyst Intern,"Data Analysis, SQL",TechCorp,Gurgaon,8000 INR,5 months,B.Sc,20,23,Remote,"['Data Analysis', 'SQL']"
1171,Cloud Developer Intern,"Java, Cloud",ByteWorks,Noida,26000 INR,3 months,MCA,19,25,Office-centric,"['Cloud', 'Java']"
1172,Backend Developer Intern,"Java, Backend",DevHub,Mumbai,24000 INR,5 months,M.Tech,19,29,Remote,"['Backend', 'Java']"
1173,ML Engineer Intern,"Python, ML",InnovateX,Mumbai,14000 INR,5 months,BCA,20,27,Office-centric,"['ML', 'Python']"
1174,Web Developer Intern,"Python, HTML, CSS",ByteWorks,Bangalore,26000 INR,1 month,B.Tech,22,24,Remote,"['CSS', 'HTML', 'Python']"
1175,ML Engineer Intern,"Python, ML",InnovateX,Hyderabad,26000 INR,3 months,B.Sc,19,28,Remote,"['ML', 'Python']"
1176,Data Analyst Intern,"Data Analysis, SQL",AlgoNext,Kolkata,20000 INR,6 months,B.Tech,20,28,Remote,"['Data Analysis', 'SQL']"
1177,Web Developer Intern,"Python, HTML, CSS",DevHub,Bangalore,14000 INR,4 months,BCA,22,24,Remote,"['CSS', 'HTML', 'Python']"
1178,Cloud Developer Intern,"Java, Cloud",TechCorp,Chennai,20000 INR,6 months,B.Sc,22,23,Office-centric,"['Cloud', 'Java']"
1179,Data Analyst Intern,"Data Analysis, SQL",DataWorks,Delhi,26000 INR,6 months,B.Tech,21,23,Office-centric,"['Data Analysis', 'SQL']"
1180,Web Developer Intern,"Python, HTML, CSS",InnovateX,Gurgaon,14000 INR,5 months,BCA,21,24,Office-centric,"['CSS', 'HTML', 'Python']"
1181,Data Analyst Intern,"Data Analysis, SQL",AlgoNext,Bangalore,14000 INR,4 months,BCA,21,30,Office-centric,"['Data Analysis', 'SQL']"
1182,Data Analyst Intern,"Data Analysis, SQL",TechCorp,Hyderabad,30000 INR,1 month,MCA,22,27,Office-centric,"['Data Analysis', 'SQL']"
1183,Web Developer Intern,"Python, HTML, CSS",WebSolutions,Ahmedabad,20000 INR,4 months,B.Sc,20,29,Remote,"['CSS', 'HTML', 'Python']"
1184,Frontend Developer Intern,"JavaScript, React",CloudNet,Pune,28000 INR,1 month,B.Sc,18,26,Remote,"['JavaScript', 'React']"
1185,ML Engineer Intern,"Python, ML",CloudNet,Chennai,10000 INR,5 months,B.Sc,19,25,Office-centric,"['ML', 'Python']"
1186,Data Analyst Intern,"Data Analysis, SQL",CloudNet,Kolkata,26000 INR,2 months,B.Sc,20,25,Office-centric,"['Data Analysis', 'SQL']"
1187,Frontend Developer Intern,"JavaScript, React",NextGenTech,Pune,18000 INR,3 months,B.Sc,21,24,Remote,"['JavaScript', 'React']"
1188,Backend Developer Intern,"Java, Backend",AlgoNext,Gurgaon,20000 INR,1 month,BCA,20,26,Remote,"['Backend', 'Java']"
1189,Web Developer Intern,"Python, HTML, CSS",ByteWorks,Bangalore,16000 INR,3 months,MCA,22,24,Remote,"['CSS', 'HTML', 'Python']"
1190,Web Developer Intern,"Python, HTML, CSS",AlgoNext,Hyderabad,8000 INR,3 months,BCA,22,26,Remote,"['CSS', 'HTML', 'Python']"
1191,Cloud Developer Intern,"Java, Cloud",SoftLab,Noida,14000 INR,6 months,B.Sc,22,23,Office-centric,"['Cloud', 'Java']"
1192,Frontend Developer Intern,"JavaScript, React",AlgoNext,Chennai,8000 INR,4 months,B.Sc,18,28,Office-centric,"['JavaScript', 'React']"
1193,Frontend Developer Intern,"JavaScript, React",DataWorks,Chennai,14000 INR,6 months,B.Tech,18,28,Remote,"['JavaScript', 'React']"
1194,Frontend Developer Intern,"JavaScript, React",SoftLab,Bangalore,24000 INR,1 month,B.Sc,22,23,Office-centric,"['JavaScript', 'React']"
1195,Backend Developer Intern,"Java, Backend",WebSolutions,Chennai,8000 INR,4 months,BCA,18,27,Remote,"['Backend', 'Java']"
1196,ML Engineer Intern,"Python, ML",DataWorks,Hyderabad,8000 INR,6 months,MCA,22,27,Remote,"['ML', 'Python']"
1197,ML Engineer Intern,"Python, ML",WebSolutions,Delhi,12000 INR,4 months,M.Tech,19,29,Office-centric,"['ML', 'Python']"
1198,Frontend Developer Intern,"JavaScript, React",AlgoNext,Pune,20000 INR,6 months,BCA,20,28,Remote,"['JavaScript', 'React']"
1199,Backend Developer Intern,"Java, Backend",DataWorks,Ahmedabad,10000 INR,4 months,BCA,22,23,Remote,"['Backend', 'Java']"
1200,Web Developer Intern,"Python, HTML, CSS",DataWorks,Noida,18000 INR,2 months,BCA,18,28,Remote,"['CSS', 'HTML', 'Python']"
1201,Web Developer Intern,"Python, HTML, CSS",TechCorp,Pune,28000 INR,2 months,MCA,19,24,Remote,"['CSS', 'HTML', 'Python']"
1202,Data Analyst Intern,"Data Analysis, SQL",ByteWorks,Kolkata,30000 INR,6 months,MCA,20,27,Office-centric,"['Data Analysis', 'SQL']"
1203,Web Developer Intern,"Python, HTML, CSS",SoftLab,Kolkata,14000 INR,5 months,MCA,18,23,Office-centric,"['CSS', 'HTML', 'Python']"
1204,Data Analyst Intern,"Data Analysis, SQL",DataWorks,Ahmedabad,8000 INR,4 months,M.Tech,19,30,Office-centric,"['Data Analysis', 'SQL']"
1205,Backend Developer Intern,"Java, Backend",ByteWorks,Hyderabad,28000 INR,1 month,B.Sc,22,30,Remote,"['Backend', 'Java']"
1206,Data Analyst Intern,"Data Analysis, SQL",DevHub,Mumbai,8000 INR,5 months,MCA,19,24,Remote,"['Data Analysis', 'SQL']"
1207,ML Engineer Intern,"Python, ML",DevHub,Bangalore,12000 INR,2 months,B.Tech,22,28,Remote,"['ML', 'Python']"
1208,Frontend Developer Intern,"JavaScript, React",CloudNet,Bangalore,22000 INR,4 months,M.Tech,18,29,Remote,"['JavaScript', 'React']"
1209,Data Analyst Intern,"Data Analysis, SQL",CloudNet,Mumbai,16000 INR,2 months,B.Tech,19,28,Office-centric,"['Data Analysis', 'SQL']"
1210,Cloud Developer Intern,"Java, Cloud",SoftLab,Bangalore,14000 INR,4 months,M.Tech,18,23,Remote,"['Cloud', 'Java']"
1211,ML Engineer Intern,"Python, ML",WebSolutions,Bangalore,20000 INR,1 month,B.Tech,21,23,Remote,"['ML', 'Python']"
1212,ML Engineer Intern,"Python, ML",NextGenTech,Bangalore,14000 INR,6 months,B.Tech,21,24,Office-centric,"['ML', 'Python']"
1213,Web Developer Intern,"Python, HTML, CSS",TechCorp,Pune,14000 INR,3 months,M.Tech,18,25,Remote,"['CSS', 'HTML', 'Python']"
1214,Backend Developer Intern,"Java, Backend",AlgoNext,Pune,26000 INR,3 months,B.Sc,19,28,Office-centric,"['Backend', 'Java']"
1215,ML Engineer Intern,"Python, ML",AlgoNext,Pune,24000 INR,3 months,MCA,18,29,Office-centric,"['ML', 'Python']"
1216,Data Analyst Intern,"Data Analysis, SQL",DevHub,Noida,20000 INR,3 months,B.Sc,22,24,Remote,"['Data Analysis', 'SQL']"
1217,Backend Developer Intern,"Java, Backend",DataWorks,Bangalore,18000 INR,4 months,BCA,19,30,Remote,"['Backend', 'Java']"
1218,Backend Developer Intern,"Java, Backend",NextGenTech,Kolkata,28000 INR,5 months,B.Sc,20,29,Remote,"['Backend', 'Java']"
1219,Cloud Developer Intern,"Java, Cloud",NextGenTech,Mumbai,16000 INR,3 months,M.Tech,20,30,Office-centric,"['Cloud', 'Java']"
1220,Backend Developer Intern,"Java, Backend",TechCorp,Bangalore,10000 INR,4 months,MCA,19,27,Remote,"['Backend', 'Java']"
1221,Data Analyst Intern,"Data Analysis, SQL",AlgoNext,Pune,8000 INR,5 months,BCA,18,25,Office-centric,"['Data Analysis', 'SQL']"
1222,Backend Developer Intern,"Java, Backend",DevHub,Kolkata,12000 INR,6 months,MCA,18,24,Remote,"['Backend', 'Java']"
1223,ML Engineer Intern,"Python, ML",AlgoNext,Delhi,12000 INR,1 month,MCA,21,23,Office-centric,"['ML', 'Python']"
1224,Data Analyst Intern,"Data Analysis, SQL",TechCorp,Hyderabad,20000 INR,3 months,B.Sc,18,27,Remote,"['Data Analysis', 'SQL']"
1225,Cloud Developer Intern,"Java, Cloud",CloudNet,Mumbai,18000 INR,4 months,MCA,18,28,Remote,"['Cloud', 'Java']"
1226,Cloud Developer Intern,"Java, Cloud",DataWorks,Hyderabad,26000 INR,6 months,B.Sc,21,24,Remote,"['Cloud', 'Java']"
1227,Data Analyst Intern,"Data Analysis, SQL",NextGenTech,Ahmedabad,12000 INR,2 months,M.Tech,22,24,Remote,"['Data Analysis', 'SQL']"
1228,Data Analyst Intern,"Data Analysis, SQL",NextGenTech,Delhi,24000 INR,2 months,B.Sc,18,28,Remote,"['Data Analysis', 'SQL']"
1229,Cloud Developer Intern,"Java, Cloud",SoftLab,Kolkata,24000 INR,2 months,B.Sc,21,28,Remote,"['Cloud', 'Java']"
1230,Cloud Developer Intern,"Java, Cloud",NextGenTech,Delhi,22000 INR,6 months,B.Tech,20,27,Remote,"['Cloud', 'Java']"
1231,Data Analyst Intern,"Data Analysis, SQL",InnovateX,Pune,18000 INR,1 month,B.Sc,19,28,Remote,"['Data Analysis', 'SQL']"
1232,Backend Developer Intern,"Java, Backend",TechCorp,Gurgaon,26000 INR,1 month,B.Sc,22,25,Remote,"['Backend', 'Java']"
1233,Backend Developer Intern,"Java, Backend",DataWorks,Noida,16000 INR,6 months,MCA,22,26,Office-centric,"['Backend', 'Java']"
1234,Backend Developer Intern,"Java, Backend",CloudNet,Mumbai,10000 INR,4 months,BCA,21,25,Remote,"['Backend', 'Java']"
1235,Frontend Developer Intern,"JavaScript, React",WebSolutions,Chennai,24000 INR,3 months,B.Tech,20,27,Office-centric,"['JavaScript', 'React']"
1236,Backend Developer Intern,"Java, Backend",CloudNet,Chennai,30000 INR,2 months,B.Sc,20,24,Remote,"['Backend', 'Java']"
1237,Cloud Developer Intern,"Java, Cloud",TechCorp,Bangalore,30000 INR,4 months,MCA,20,23,Remote,"['Cloud', 'Java']"
1238,Web Developer Intern,"Python, HTML, CSS",NextGenTech,Ahmedabad,22000 INR,1 month,B.Tech,19,28,Remote,"['CSS', 'HTML', 'Python']"
1239,Web Developer Intern,"Python, HTML, CSS",TechCorp,Bangalore,10000 INR,2 months,B.Tech,19,24,Remote,"['CSS', 'HTML', 'Python']"
1240,Cloud Developer Intern,"Java, Cloud",DevHub,Kolkata,14000 INR,5 months,B.Sc,21,25,Office-centric,"['Cloud', 'Java']"
1241,Frontend Developer Intern,"JavaScript, React",DevHub,Kolkata,12000 INR,1 month,BCA,20,26,Remote,"['JavaScript', 'React']"
1242,Cloud Developer Intern,"Java, Cloud",TechCorp,Hyderabad,18000 INR,6 months,BCA,22,23,Office-centric,"['Cloud', 'Java']"
1243,ML Engineer Intern,"Python, ML",InnovateX,Mumbai,10000 INR,4 months,M.Tech,19,28,Remote,"['ML', 'Python']"
1244,Data Analyst Intern,"Data Analysis, SQL",NextGenTech,Kolkata,26000 INR,6 months,M.Tech,22,30,Office-centric,"['Data Analysis', 'SQL']"
1245,Backend Developer Intern,"Java, Backend",NextGenTech,Pune,16000 INR,4 months,BCA,18,27,Office-centric,"['Backend', 'Java']"
1246,Cloud Developer Intern,"Java, Cloud",DataWorks,Pune,14000 INR,1 month,BCA,19,24,Office-centric,"['Cloud', 'Java']"
1247,Web Developer Intern,"Python, HTML, CSS",AlgoNext,Ahmedabad,16000 INR,2 months,B.Tech,22,29,Remote,"['CSS', 'HTML', 'Python']"
1248,Frontend Developer Intern,"JavaScript, React",AlgoNext,Gurgaon,10000 INR,1 month,MCA,21,25,Office-centric,"['JavaScript', 'React']"
1249,Backend Developer Intern,"Java, Backend",WebSolutions,Pune,28000 INR,4 months,MCA,21,27,Office-centric,"['Backend', 'Java']"
1250,ML Engineer Intern,"Python, ML",AlgoNext,Mumbai,20000 INR,1 month,BCA,19,27,Remote,"['ML', 'Python']"
1251,Data Analyst Intern,"Data Analysis, SQL",ByteWorks,Kolkata,28000 INR,1 month,BCA,21,30,Office-centric,"['Data Analysis', 'SQL']"
1252,Data Analyst Intern,"Data Analysis, SQL",NextGenTech,Ahmedabad,28000 INR,6 months,B.Sc,20,27,Office-centric,"['Data Analysis', 'SQL']"
1253,Frontend Developer Intern,"JavaScript, React",InnovateX,Chennai,20000 INR,5 months,BCA,18,23,Office-centric,"['JavaScript', 'React']"
1254,Data Analyst Intern,"Data Analysis, SQL",AlgoNext,Bangalore,14000 INR,3 months,BCA,21,23,Office-centric,"['Data Analysis', 'SQL']"
1255,Data Analyst Intern,"Data Analysis, SQL",DevHub,Hyderabad,18000 INR,1 month,B.Sc,20,27,Office-centric,"['Data Analysis', 'SQL']"
1256,Data Analyst Intern,"Data Analysis, SQL",ByteWorks,Bangalore,22000 INR,5 months,MCA,21,24,Office-centric,"['Data Analysis', 'SQL']"
1257,Cloud Developer Intern,"Java, Cloud",TechCorp,Delhi,30000 INR,6 months,M.Tech,20,23,Remote,"['Cloud', 'Java']"
1258,Backend Developer Intern,"Java, Backend",NextGenTech,Hyderabad,10000 INR,2 months,M.Tech,19,25,Remote,"['Backend', 'Java']"
1259,ML Engineer Intern,"Python, ML",NextGenTech,Gurgaon,16000 INR,5 months,M.Tech,20,23,Office-centric,"['ML', 'Python']"
1260,Data Analyst Intern,"Data Analysis, SQL",DataWorks,Hyderabad,26000 INR,1 month,MCA,22,25,Remote,"['Data Analysis', 'SQL']"
1261,Frontend Developer Intern,"JavaScript, React",DataWorks,Hyderabad,14000 INR,6 months,B.Tech,19,27,Office-centric,"['JavaScript', 'React']"
1262,Data Analyst Intern,"Data Analysis, SQL",DevHub,Kolkata,28000 INR,2 months,B.Tech,22,27,Office-centric,"['Data Analysis', 'SQL']"
1263,Frontend Developer Intern,"JavaScript, React",DataWorks,Mumbai,26000 INR,4 months,B.Tech,20,23,Remote,"['JavaScript', 'React']"
1264,Backend Developer Intern,"Java, Backend",SoftLab,Kolkata,18000 INR,3 months,MCA,19,30,Remote,"['Backend', 'Java']"
1265,Cloud Developer Intern,"Java, Cloud",AlgoNext,Pune,24000 INR,3 months,MCA,20,27,Remote,"['Cloud', 'Java']"
1266,Cloud Developer Intern,"Java, Cloud",AlgoNext,Pune,24000 INR,6 months,B.Tech,20,30,Remote,"['Cloud', 'Java']"
1267,Data Analyst Intern,"Data Analysis, SQL",ByteWorks,Noida,28000 INR,2 months,B.Sc,22,26,Office-centric,"['Data Analysis', 'SQL']"
1268,Data Analyst Intern,"Data Analysis, SQL",DataWorks,Hyderabad,22000 INR,1 month,B.Sc,18,27,Office-centric,"['Data Analysis', 'SQL']"
1269,Web Developer Intern,"Python, HTML, CSS",CloudNet,Chennai,20000 INR,3 months,BCA,20,29,Remote,"['CSS', 'HTML', 'Python']"
1270,Data Analyst Intern,"Data Analysis, SQL",NextGenTech,Kolkata,12000 INR,6 months,M.Tech,18,28,Office-centric,"['Data Analysis', 'SQL']"
1271,Backend Developer Intern,"Java, Backend",DevHub,Chennai,28000 INR,5 months,BCA,20,28,Office-centric,"['Backend', 'Java']"
1272,Data Analyst Intern,"Data Analysis, SQL",AlgoNext,Delhi,26000 INR,1 month,B.Tech,22,24,Remote,"['Data Analysis', 'SQL']"
1273,ML Engineer Intern,"Python, ML",TechCorp,Mumbai,16000 INR,4 months,MCA,18,28,Remote,"['ML', 'Python']"
1274,Frontend Developer Intern,"JavaScript, React",DevHub,Gurgaon,22000 INR,4 months,MCA,21,26,Office-centric,"['JavaScript', 'React']"
1275,Backend Developer Intern,"Java, Backend",NextGenTech,Bangalore,22000 INR,6 months,B.Tech,22,23,Remote,"['Backend', 'Java']"
1276,Web Developer Intern,"Python, HTML, CSS",AlgoNext,Bangalore,26000 INR,6 months,BCA,22,23,Remote,"['CSS', 'HTML', 'Python']"
1277,ML Engineer Intern,"Python, ML",ByteWorks,Kolkata,14000 INR,3 months,B.Tech,19,25,Office-centric,"['ML', 'Python']"
1278,Web Developer Intern,"Python, HTML, CSS",DevHub,Ahmedabad,12000 INR,4 months,MCA,18,30,Office-centric,"['CSS', 'HTML', 'Python']"
1279,Frontend Developer Intern,"JavaScript, React",ByteWorks,Mumbai,30000 INR,6 months,MCA,18,28,Office-centric,"['JavaScript', 'React']"
1280,Data Analyst Intern,"Data Analysis, SQL",DataWorks,Hyderabad,10000 INR,2 months,M.Tech,21,29,Office-centric,"['Data Analysis', 'SQL']"
1281,Frontend Developer Intern,"JavaScript, React",DevHub,Pune,24000 INR,4 months,BCA,21,23,Office-centric,"['JavaScript', 'React']"
1282,Data Analyst Intern,"Data Analysis, SQL",ByteWorks,Hyderabad,10000 INR,6 months,MCA,20,26,Remote,"['Data Analysis', 'SQL']"
1283,Backend Developer Intern,"Java, Backend",TechCorp,Delhi,30000 INR,3 months,MCA,19,27,Remote,"['Backend', 'Java']"
1284,Backend Developer Intern,"Java, Backend",NextGenTech,Hyderabad,16000 INR,1 month,BCA,21,27,Remote,"['Backend', 'Java']"
1285,ML Engineer Intern,"Python, ML",InnovateX,Hyderabad,30000 INR,5 months,MCA,20,26,Remote,"['ML', 'Python']"
1286,Frontend Developer Intern,"JavaScript, React",AlgoNext,Noida,8000 INR,6 months,M.Tech,22,26,Remote,"['JavaScript', 'React']"
1287,Data Analyst Intern,"Data Analysis, SQL",CloudNet,Kolkata,28000 INR,5 months,MCA,20,27,Office-centric,"['Data Analysis', 'SQL']"
1288,Backend Developer Intern,"Java, Backend",ByteWorks,Bangalore,30000 INR,6 months,B.Sc,20,25,Remote,"['Backend', 'Java']"
1289,Frontend Developer Intern,"JavaScript, React",ByteWorks,Chennai,8000 INR,1 month,BCA,18,29,Office-centric,"['JavaScript', 'React']"
1290,Backend Developer Intern,"Java, Backend",AlgoNext,Kolkata,24000 INR,2 months,B.Sc,19,26,Office-centric,"['Backend', 'Java']"
1291,ML Engineer Intern,"Python, ML",SoftLab,Ahmedabad,14000 INR,2 months,BCA,21,24,Office-centric,"['ML', 'Python']"
1292,Frontend Developer Intern,"JavaScript, React",SoftLab,Kolkata,30000 INR,4 months,B.Tech,19,25,Office-centric,"['JavaScript', 'React']"
1293,ML Engineer Intern,"Python, ML",InnovateX,Gurgaon,20000 INR,4 months,MCA,22,30,Remote,"['ML', 'Python']"
1294,ML Engineer Intern,"Python, ML",TechCorp,Bangalore,14000 INR,3 months,MCA,18,23,Remote,"['ML', 'Python']"
1295,Web Developer Intern,"Python, HTML, CSS",WebSolutions,Ahmedabad,18000 INR,3 months,B.Tech,19,30,Office-centric,"['CSS', 'HTML', 'Python']"
1296,Cloud Developer Intern,"Java, Cloud",ByteWorks,Hyderabad,18000 INR,4 months,B.Sc,18,23,Remote,"['Cloud', 'Java']"
1297,Backend Developer Intern,"Java, Backend",DataWorks,Hyderabad,10000 INR,2 months,BCA,18,23,Office-centric,"['Backend', 'Java']"
1298,Frontend Developer Intern,"JavaScript, React",CloudNet,Gurgaon,22000 INR,2 months,BCA,22,29,Remote,"['JavaScript', 'React']"
1299,Cloud Developer Intern,"Java, Cloud",WebSolutions,Ahmedabad,18000 INR,3 months,B.Tech,22,30,Remote,"['Cloud', 'Java']"
1300,Data Analyst Intern,"Data Analysis, SQL",CloudNet,Chennai,10000 INR,5 months,B.Tech,18,27,Office-centric,"['Data Analysis', 'SQL']"
1301,Backend Developer Intern,"Java, Backend",InnovateX,Ahmedabad,26000 INR,2 months,MCA,22,26,Office-centric,"['Backend', 'Java']"
1302,Web Developer Intern,"Python, HTML, CSS",CloudNet,Delhi,14000 INR,2 months,MCA,20,27,Remote,"['CSS', 'HTML', 'Python']"
1303,Frontend Developer Intern,"JavaScript, React",SoftLab,Delhi,30000 INR,3 months,B.Tech,19,29,Remote,"['JavaScript', 'React']"
1304,Frontend Developer Intern,"JavaScript, React",ByteWorks,Noida,20000 INR,6 months,B.Tech,22,26,Remote,"['JavaScript', 'React']"
1305,Backend Developer Intern,"Java, Backend",TechCorp,Chennai,28000 INR,6 months,B.Tech,21,27,Remote,"['Backend', 'Java']"
1306,Frontend Developer Intern,"JavaScript, React",SoftLab,Gurgaon,12000 INR,3 months,B.Sc,18,24,Office-centric,"['JavaScript', 'React']"
1307,Data Analyst Intern,"Data Analysis, SQL",WebSolutions,Noida,30000 INR,4 months,BCA,20,27,Remote,"['Data Analysis', 'SQL']"
1308,Frontend Developer Intern,"JavaScript, React",CloudNet,Hyderabad,12000 INR,3 months,B.Sc,20,29,Remote,"['JavaScript', 'React']"
1309,ML Engineer Intern,"Python, ML",TechCorp,Noida,16000 INR,5 months,B.Sc,20,24,Office-centric,"['ML', 'Python']"
1310,Web Developer Intern,"Python, HTML, CSS",WebSolutions,Mumbai,20000 INR,6 months,BCA,18,27,Remote,"['CSS', 'HTML', 'Python']"
1311,Cloud Developer Intern,"Java, Cloud",DevHub,Bangalore,16000 INR,5 months,MCA,21,27,Office-centric,"['Cloud', 'Java']"
1312,ML Engineer Intern,"Python, ML",InnovateX,Ahmedabad,14000 INR,1 month,BCA,22,30,Office-centric,"['ML', 'Python']"
1313,Web Developer Intern,"Python, HTML, CSS",InnovateX,Noida,10000 INR,1 month,BCA,21,27,Office-centric,"['CSS', 'HTML', 'Python']"
1314,Data Analyst Intern,"Data Analysis, SQL",TechCorp,Pune,8000 INR,4 months,M.Tech,21,29,Remote,"['Data Analysis', 'SQL']"
1315,Web Developer Intern,"Python, HTML, CSS",InnovateX,Bangalore,8000 INR,5 months,B.Tech,22,30,Office-centric,"['CSS', 'HTML', 'Python']"
1316,Frontend Developer Intern,"JavaScript, React",NextGenTech,Kolkata,12000 INR,2 months,B.Sc,22,28,Office-centric,"['JavaScript', 'React']"
1317,ML Engineer Intern,"Python, ML",InnovateX,Bangalore,26000 INR,5 months,BCA,19,30,Office-centric,"['ML', 'Python']"
1318,Frontend Developer Intern,"JavaScript, React",DataWorks,Noida,12000 INR,4 months,M.Tech,21,24,Office-centric,"['JavaScript', 'React']"
1319,Data Analyst Intern,"Data Analysis, SQL",CloudNet,Ahmedabad,30000 INR,4 months,B.Sc,21,29,Office-centric,"['Data Analysis', 'SQL']"
1320,Cloud Developer Intern,"Java, Cloud",SoftLab,Bangalore,12000 INR,3 months,BCA,18,26,Remote,"['Cloud', 'Java']"
1321,Frontend Developer Intern,"JavaScript, React",AlgoNext,Mumbai,16000 INR,1 month,B.Tech,20,26,Office-centric,"['JavaScript', 'React']"
1322,Backend Developer Intern,"Java, Backend",NextGenTech,Ahmedabad,24000 INR,1 month,B.Sc,21,29,Remote,"['Backend', 'Java']"
1323,Cloud Developer Intern,"Java, Cloud",NextGenTech,Hyderabad,10000 INR,2 months,B.Tech,18,27,Remote,"['Cloud', 'Java']"
1324,Frontend Developer Intern,"JavaScript, React",InnovateX,Kolkata,18000 INR,4 months,B.Sc,21,26,Remote,"['JavaScript', 'React']"
1325,Backend Developer Intern,"Java, Backend",NextGenTech,Mumbai,30000 INR,4 months,B.Sc,19,28,Remote,"['Backend', 'Java']"
1326,Web Developer Intern,"Python, HTML, CSS",WebSolutions,Bangalore,10000 INR,2 months,M.Tech,21,25,Office-centric,"['CSS', 'HTML', 'Python']"
1327,Frontend Developer Intern,"JavaScript, React",AlgoNext,Ahmedabad,30000 INR,2 months,B.Tech,18,23,Office-centric,"['JavaScript', 'React']"
1328,Backend Developer Intern,"Java, Backend",InnovateX,Chennai,30000 INR,4 months,BCA,18,23,Office-centric,"['Backend', 'Java']"
1329,Backend Developer Intern,"Java, Backend",ByteWorks,Delhi,26000 INR,6 months,B.Tech,22,23,Remote,"['Backend', 'Java']"
1330,Frontend Developer Intern,"JavaScript, React",InnovateX,Kolkata,26000 INR,1 month,M.Tech,22,29,Remote,"['JavaScript', 'React']"
1331,ML Engineer Intern,"Python, ML",NextGenTech,Delhi,18000 INR,2 months,B.Sc,22,23,Remote,"['ML', 'Python']"
1332,Web Developer Intern,"Python, HTML, CSS",WebSolutions,Bangalore,8000 INR,3 months,M.Tech,18,23,Remote,"['CSS', 'HTML', 'Python']"
1333,Data Analyst Intern,"Data Analysis, SQL",SoftLab,Noida,20000 INR,2 months,MCA,19,27,Office-centric,"['Data Analysis', 'SQL']"
1334,Web Developer Intern,"Python, HTML, CSS",DataWorks,Delhi,16000 INR,1 month,MCA,19,28,Remote,"['CSS', 'HTML', 'Python']"
1335,ML Engineer Intern,"Python, ML",DataWorks,Gurgaon,18000 INR,6 months,MCA,22,27,Remote,"['ML', 'Python']"
1336,Frontend Developer Intern,"JavaScript, React",AlgoNext,Chennai,8000 INR,2 months,B.Tech,20,27,Remote,"['JavaScript', 'React']"
1337,ML Engineer Intern,"Python, ML",WebSolutions,Hyderabad,16000 INR,1 month,B.Sc,21,23,Office-centric,"['ML', 'Python']"
1338,Web Developer Intern,"Python, HTML, CSS",DataWorks,Gurgaon,30000 INR,1 month,MCA,20,28,Remote,"['CSS', 'HTML', 'Python']"
1339,Backend Developer Intern,"Java, Backend",DevHub,Gurgaon,22000 INR,3 months,BCA,20,30,Remote,"['Backend', 'Java']"
1340,Backend Developer Intern,"Java, Backend",NextGenTech,Pune,26000 INR,6 months,B.Sc,22,26,Office-centric,"['Backend', 'Java']"
1341,Backend Developer Intern,"Java, Backend",DevHub,Kolkata,26000 INR,1 month,BCA,20,30,Remote,"['Backend', 'Java']"
1342,Web Developer Intern,"Python, HTML, CSS",DevHub,Delhi,26000 INR,4 months,BCA,22,24,Office-centric,"['CSS', 'HTML', 'Python']"
1343,ML Engineer Intern,"Python, ML",CloudNet,Kolkata,20000 INR,2 months,BCA,20,25,Remote,"['ML', 'Python']"
1344,Frontend Developer Intern,"JavaScript, React",DevHub,Kolkata,12000 INR,2 months,MCA,21,28,Office-centric,"['JavaScript', 'React']"
1345,Cloud Developer Intern,"Java, Cloud",CloudNet,Kolkata,14000 INR,3 months,B.Sc,21,27,Remote,"['Cloud', 'Java']"
1346,ML Engineer Intern,"Python, ML",TechCorp,Delhi,10000 INR,4 months,B.Tech,18,30,Office-centric,"['ML', 'Python']"
1347,Backend Developer Intern,"Java, Backend",NextGenTech,Kolkata,8000 INR,3 months,B.Sc,21,28,Office-centric,"['Backend', 'Java']"
1348,Frontend Developer Intern,"JavaScript, React",DataWorks,Mumbai,10000 INR,3 months,M.Tech,19,23,Office-centric,"['JavaScript', 'React']"
1349,Cloud Developer Intern,"Java, Cloud",DevHub,Ahmedabad,16000 INR,6 months,M.Tech,18,26,Remote,"['Cloud', 'Java']"
1350,Backend Developer Intern,"Java, Backend",WebSolutions,Pune,18000 INR,2 months,B.Sc,21,29,Office-centric,"['Backend', 'Java']"
1351,ML Engineer Intern,"Python, ML",CloudNet,Ahmedabad,28000 INR,5 months,M.Tech,21,29,Remote,"['ML', 'Python']"
1352,Cloud Developer Intern,"Java, Cloud",NextGenTech,Chennai,28000 INR,5 months,BCA,22,23,Remote,"['Cloud', 'Java']"
1353,ML Engineer Intern,"Python, ML",SoftLab,Hyderabad,26000 INR,2 months,B.Tech,21,28,Remote,"['ML', 'Python']"
1354,Cloud Developer Intern,"Java, Cloud",DataWorks,Kolkata,28000 INR,6 months,M.Tech,21,25,Office-centric,"['Cloud', 'Java']"
1355,Backend Developer Intern,"Java, Backend",AlgoNext,Gurgaon,12000 INR,3 months,B.Sc,20,30,Office-centric,"['Backend', 'Java']"
1356,ML Engineer Intern,"Python, ML",WebSolutions,Delhi,8000 INR,6 months,M.Tech,21,27,Remote,"['ML', 'Python']"
1357,Data Analyst Intern,"Data Analysis, SQL",DataWorks,Kolkata,20000 INR,4 months,MCA,18,26,Remote,"['Data Analysis', 'SQL']"
1358,ML Engineer Intern,"Python, ML",NextGenTech,Hyderabad,26000 INR,6 months,MCA,22,28,Remote,"['ML', 'Python']"
1359,Data Analyst Intern,"Data Analysis, SQL",NextGenTech,Delhi,20000 INR,6 months,M.Tech,20,26,Office-centric,"['Data Analysis', 'SQL']"
1360,Backend Developer Intern,"Java, Backend",InnovateX,Noida,16000 INR,2 months,M.Tech,20,25,Office-centric,"['Backend', 'Java']"
1361,Web Developer Intern,"Python, HTML, CSS",NextGenTech,Noida,30000 INR,2 months,M.Tech,21,28,Office-centric,"['CSS', 'HTML', 'Python']"
1362,Cloud Developer Intern,"Java, Cloud",InnovateX,Mumbai,26000 INR,5 months,BCA,21,25,Office-centric,"['Cloud', 'Java']"
1363,Backend Developer Intern,"Java, Backend",InnovateX,Mumbai,20000 INR,6 months,BCA,22,23,Remote,"['Backend', 'Java']"
1364,Frontend Developer Intern,"JavaScript, React",AlgoNext,Chennai,28000 INR,2 months,B.Tech,21,28,Office-centric,"['JavaScript', 'React']"
1365,Cloud Developer Intern,"Java, Cloud",WebSolutions,Delhi,20000 INR,1 month,MCA,20,25,Office-centric,"['Cloud', 'Java']"
1366,Frontend Developer Intern,"JavaScript, React",ByteWorks,Noida,16000 INR,4 months,MCA,20,27,Remote,"['JavaScript', 'React']"
1367,ML Engineer Intern,"Python, ML",WebSolutions,Chennai,10000 INR,2 months,MCA,22,26,Office-centric,"['ML', 'Python']"
1368,Backend Developer Intern,"Java, Backend",TechCorp,Bangalore,26000 INR,4 months,BCA,18,30,Office-centric,"['Backend', 'Java']"
1369,ML Engineer Intern,"Python, ML",TechCorp,Delhi,24000 INR,5 months,B.Sc,21,29,Remote,"['ML', 'Python']"
1370,Frontend Developer Intern,"JavaScript, React",DevHub,Kolkata,10000 INR,2 months,B.Tech,21,23,Office-centric,"['JavaScript', 'React']"
1371,Frontend Developer Intern,"JavaScript, React",DevHub,Delhi,12000 INR,2 months,B.Tech,20,29,Office-centric,"['JavaScript', 'React']"
1372,Backend Developer Intern,"Java, Backend",WebSolutions,Hyderabad,10000 INR,5 months,B.Tech,21,30,Office-centric,"['Backend', 'Java']"
1373,Backend Developer Intern,"Java, Backend",WebSolutions,Ahmedabad,22000 INR,3 months,B.Sc,18,28,Remote,"['Backend', 'Java']"
1374,Cloud Developer Intern,"Java, Cloud",NextGenTech,Chennai,10000 INR,5 months,MCA,22,28,Office-centric,"['Cloud', 'Java']"
1375,Data Analyst Intern,"Data Analysis, SQL",DevHub,Gurgaon,18000 INR,6 months,M.Tech,21,26,Remote,"['Data Analysis', 'SQL']"
1376,ML Engineer Intern,"Python, ML",DevHub,Ahmedabad,12000 INR,1 month,B.Tech,20,30,Remote,"['ML', 'Python']"
1377,ML Engineer Intern,"Python, ML",TechCorp,Ahmedabad,28000 INR,5 months,BCA,18,27,Office-centric,"['ML', 'Python']"
1378,ML Engineer Intern,"Python, ML",AlgoNext,Bangalore,28000 INR,4 months,B.Tech,22,27,Office-centric,"['ML', 'Python']"
1379,Data Analyst Intern,"Data Analysis, SQL",WebSolutions,Kolkata,10000 INR,2 months,MCA,18,23,Remote,"['Data Analysis', 'SQL']"
1380,Web Developer Intern,"Python, HTML, CSS",DataWorks,Chennai,26000 INR,5 months,B.Sc,18,23,Office-centric,"['CSS', 'HTML', 'Python']"
1381,ML Engineer Intern,"Python, ML",CloudNet,Chennai,24000 INR,4 months,MCA,18,29,Office-centric,"['ML', 'Python']"
1382,Backend Developer Intern,"Java, Backend",NextGenTech,Chennai,28000 INR,5 months,BCA,19,30,Remote,"['Backend', 'Java']"
1383,Web Developer Intern,"Python, HTML, CSS",ByteWorks,Mumbai,14000 INR,6 months,B.Tech,18,25,Office-centric,"['CSS', 'HTML', 'Python']"
1384,ML Engineer Intern,"Python, ML",WebSolutions,Noida,24000 INR,3 months,BCA,19,26,Office-centric,"['ML', 'Python']"
1385,Web Developer Intern,"Python, HTML, CSS",TechCorp,Bangalore,28000 INR,3 months,BCA,21,30,Office-centric,"['CSS', 'HTML', 'Python']"
1386,Web Developer Intern,"Python, HTML, CSS",TechCorp,Hyderabad,8000 INR,3 months,B.Tech,22,30,Office-centric,"['CSS', 'HTML', 'Python']"
1387,Data Analyst Intern,"Data Analysis, SQL",WebSolutions,Bangalore,20000 INR,5 months,M.Tech,20,27,Remote,"['Data Analysis', 'SQL']"
1388,ML Engineer Intern,"Python, ML",DevHub,Kolkata,24000 INR,5 months,M.Tech,21,26,Remote,"['ML', 'Python']"
1389,ML Engineer Intern,"Python, ML",AlgoNext,Delhi,28000 INR,5 months,MCA,21,30,Office-centric,"['ML', 'Python']"
1390,Web Developer Intern,"Python, HTML, CSS",AlgoNext,Pune,24000 INR,3 months,M.Tech,19,28,Office-centric,"['CSS', 'HTML', 'Python']"
1391,Cloud Developer Intern,"Java, Cloud",ByteWorks,Mumbai,10000 INR,3 months,MCA,20,27,Remote,"['Cloud', 'Java']"
1392,Data Analyst Intern,"Data Analysis, SQL",DataWorks,Delhi,12000 INR,1 month,MCA,20,24,Office-centric,"['Data Analysis', 'SQL']"
1393,Web Developer Intern,"Python, HTML, CSS",ByteWorks,Noida,10000 INR,6 months,MCA,21,28,Remote,"['CSS', 'HTML', 'Python']"
1394,Data Analyst Intern,"Data Analysis, SQL",ByteWorks,Bangalore,30000 INR,6 months,M.Tech,22,29,Remote,"['Data Analysis', 'SQL']"
1395,ML Engineer Intern,"Python, ML",CloudNet,Pune,14000 INR,3 months,B.Tech,20,23,Office-centric,"['ML', 'Python']"
1396,Cloud Developer Intern,"Java, Cloud",WebSolutions,Gurgaon,20000 INR,5 months,M.Tech,22,30,Office-centric,"['Cloud', 'Java']"
1397,ML Engineer Intern,"Python, ML",DevHub,Bangalore,26000 INR,6 months,MCA,19,24,Office-centric,"['ML', 'Python']"
1398,Backend Developer Intern,"Java, Backend",WebSolutions,Gurgaon,24000 INR,5 months,M.Tech,20,24,Office-centric,"['Backend', 'Java']"
1399,Web Developer Intern,"Python, HTML, CSS",WebSolutions,Hyderabad,10000 INR,3 months,M.Tech,18,26,Office-centric,"['CSS', 'HTML', 'Python']"
1400,Cloud Developer Intern,"Java, Cloud",DevHub,Pune,22000 INR,1 month,BCA,18,24,Office-centric,"['Cloud', 'Java']"
1401,Web Developer Intern,"Python, HTML, CSS",InnovateX,Hyderabad,8000 INR,4 months,B.Sc,22,25,Office-centric,"['CSS', 'HTML', 'Python']"
1402,Data Analyst Intern,"Data Analysis, SQL",TechCorp,Bangalore,8000 INR,1 month,BCA,18,24,Remote,"['Data Analysis', 'SQL']"
1403,Web Developer Intern,"Python, HTML, CSS",SoftLab,Chennai,22000 INR,5 months,M.Tech,18,27,Remote,"['CSS', 'HTML', 'Python']"
1404,Frontend Developer Intern,"JavaScript, React",CloudNet,Hyderabad,22000 INR,4 months,M.Tech,21,27,Remote,"['JavaScript', 'React']"
1405,Frontend Developer Intern,"JavaScript, React",AlgoNext,Mumbai,14000 INR,1 month,M.Tech,18,25,Remote,"['JavaScript', 'React']"
1406,Web Developer Intern,"Python, HTML, CSS",NextGenTech,Ahmedabad,18000 INR,5 months,B.Tech,20,25,Remote,"['CSS', 'HTML', 'Python']"
1407,Web Developer Intern,"Python, HTML, CSS",SoftLab,Hyderabad,28000 INR,2 months,BCA,18,30,Office-centric,"['CSS', 'HTML', 'Python']"
1408,Cloud Developer Intern,"Java, Cloud",TechCorp,Noida,22000 INR,2 months,M.Tech,20,30,Office-centric,"['Cloud', 'Java']"
1409,ML Engineer Intern,"Python, ML",TechCorp,Gurgaon,20000 INR,1 month,MCA,18,29,Office-centric,"['ML', 'Python']"
1410,Data Analyst Intern,"Data Analysis, SQL",SoftLab,Ahmedabad,10000 INR,3 months,BCA,20,30,Remote,"['Data Analysis', 'SQL']"
1411,Web Developer Intern,"Python, HTML, CSS",DataWorks,Chennai,8000 INR,4 months,M.Tech,21,23,Remote,"['CSS', 'HTML', 'Python']"
1412,Frontend Developer Intern,"JavaScript, React",CloudNet,Hyderabad,20000 INR,6 months,MCA,20,27,Office-centric,"['JavaScript', 'React']"
1413,ML Engineer Intern,"Python, ML",ByteWorks,Pune,30000 INR,5 months,M.Tech,22,24,Remote,"['ML', 'Python']"
1414,Data Analyst Intern,"Data Analysis, SQL",WebSolutions,Pune,8000 INR,5 months,MCA,19,30,Office-centric,"['Data Analysis', 'SQL']"
1415,Data Analyst Intern,"Data Analysis, SQL",TechCorp,Delhi,28000 INR,6 months,MCA,21,26,Remote,"['Data Analysis', 'SQL']"
1416,Web Developer Intern,"Python, HTML, CSS",SoftLab,Kolkata,22000 INR,2 months,B.Sc,22,23,Office-centric,"['CSS', 'HTML', 'Python']"
1417,Cloud Developer Intern,"Java, Cloud",CloudNet,Kolkata,14000 INR,1 month,M.Tech,22,30,Remote,"['Cloud', 'Java']"
1418,Data Analyst Intern,"Data Analysis, SQL",TechCorp,Ahmedabad,26000 INR,5 months,B.Sc,19,25,Remote,"['Data Analysis', 'SQL']"
1419,ML Engineer Intern,"Python, ML",DevHub,Chennai,22000 INR,4 months,B.Sc,19,24,Office-centric,"['ML', 'Python']"
1420,Web Developer Intern,"Python, HTML, CSS",InnovateX,Noida,20000 INR,1 month,MCA,20,27,Remote,"['CSS', 'HTML', 'Python']"
1421,Data Analyst Intern,"Data Analysis, SQL",SoftLab,Mumbai,22000 INR,3 months,MCA,18,30,Remote,"['Data Analysis', 'SQL']"
1422,Web Developer Intern,"Python, HTML, CSS",DevHub,Pune,12000 INR,5 months,MCA,19,29,Remote,"['CSS', 'HTML', 'Python']"
1423,Cloud Developer Intern,"Java, Cloud",DataWorks,Noida,20000 INR,4 months,MCA,22,25,Remote,"['Cloud', 'Java']"
1424,ML Engineer Intern,"Python, ML",SoftLab,Delhi,30000 INR,1 month,BCA,22,25,Remote,"['ML', 'Python']"
1425,Frontend Developer Intern,"JavaScript, React",TechCorp,Pune,30000 INR,1 month,M.Tech,20,25,Office-centric,"['JavaScript', 'React']"
1426,Cloud Developer Intern,"Java, Cloud",ByteWorks,Noida,12000 INR,1 month,M.Tech,18,23,Office-centric,"['Cloud', 'Java']"
1427,Web Developer Intern,"Python, HTML, CSS",NextGenTech,Noida,24000 INR,1 month,B.Sc,18,29,Remote,"['CSS', 'HTML', 'Python']"
1428,ML Engineer Intern,"Python, ML",ByteWorks,Hyderabad,20000 INR,1 month,M.Tech,18,29,Office-centric,"['ML', 'Python']"
1429,Frontend Developer Intern,"JavaScript, React",ByteWorks,Mumbai,26000 INR,2 months,MCA,20,23,Remote,"['JavaScript', 'React']"
1430,Data Analyst Intern,"Data Analysis, SQL",DevHub,Kolkata,22000 INR,1 month,B.Sc,18,23,Remote,"['Data Analysis', 'SQL']"
1431,Frontend Developer Intern,"JavaScript, React",DevHub,Kolkata,16000 INR,4 months,M.Tech,19,30,Remote,"['JavaScript', 'React']"
1432,Backend Developer Intern,"Java, Backend",AlgoNext,Kolkata,26000 INR,1 month,MCA,20,28,Remote,"['Backend', 'Java']"
1433,Backend Developer Intern,"Java, Backend",WebSolutions,Pune,24000 INR,6 months,M.Tech,20,29,Remote,"['Backend', 'Java']"
1434,Cloud Developer Intern,"Java, Cloud",ByteWorks,Mumbai,22000 INR,4 months,B.Sc,22,26,Office-centric,"['Cloud', 'Java']"
1435,Backend Developer Intern,"Java, Backend",SoftLab,Mumbai,28000 INR,5 months,BCA,21,26,Office-centric,"['Backend', 'Java']"
1436,Backend Developer Intern,"Java, Backend",TechCorp,Chennai,16000 INR,6 months,BCA,18,27,Remote,"['Backend', 'Java']"
1437,Frontend Developer Intern,"JavaScript, React",ByteWorks,Mumbai,26000 INR,4 months,B.Tech,18,23,Remote,"['JavaScript', 'React']"
1438,Data Analyst Intern,"Data Analysis, SQL",SoftLab,Kolkata,26000 INR,5 months,BCA,22,30,Remote,"['Data Analysis', 'SQL']"
1439,Backend Developer Intern,"Java, Backend",InnovateX,Hyderabad,22000 INR,2 months,B.Tech,20,25,Office-centric,"['Backend', 'Java']"
1440,Cloud Developer Intern,"Java, Cloud",InnovateX,Gurgaon,14000 INR,4 months,M.Tech,20,25,Remote,"['Cloud', 'Java']"
1441,ML Engineer Intern,"Python, ML",TechCorp,Pune,8000 INR,2 months,B.Sc,22,28,Office-centric,"['ML', 'Python']"
1442,Backend Developer Intern,"Java, Backend",DataWorks,Ahmedabad,18000 INR,5 months,M.Tech,21,29,Remote,"['Backend', 'Java']"
1443,ML Engineer Intern,"Python, ML",ByteWorks,Pune,22000 INR,4 months,M.Tech,22,27,Remote,"['ML', 'Python']"
1444,ML Engineer Intern,"Python, ML",CloudNet,Mumbai,26000 INR,2 months,BCA,22,27,Remote,"['ML', 'Python']"
1445,Backend Developer Intern,"Java, Backend",NextGenTech,Delhi,26000 INR,4 months,MCA,18,23,Remote,"['Backend', 'Java']"
1446,Cloud Developer Intern,"Java, Cloud",InnovateX,Ahmedabad,10000 INR,1 month,MCA,18,23,Office-centric,"['Cloud', 'Java']"
1447,Cloud Developer Intern,"Java, Cloud",TechCorp,Noida,24000 INR,1 month,MCA,21,27,Office-centric,"['Cloud', 'Java']"
1448,Backend Developer Intern,"Java, Backend",TechCorp,Ahmedabad,18000 INR,3 months,MCA,22,30,Office-centric,"['Backend', 'Java']"
1449,Frontend Developer Intern,"JavaScript, React",DataWorks,Chennai,30000 INR,4 months,BCA,21,25,Remote,"['JavaScript', 'React']"
1450,Backend Developer Intern,"Java, Backend",CloudNet,Bangalore,24000 INR,3 months,MCA,21,27,Office-centric,"['Backend', 'Java']"
1451,Data Analyst Intern,"Data Analysis, SQL",SoftLab,Chennai,24000 INR,2 months,MCA,20,27,Remote,"['Data Analysis', 'SQL']"
1452,Web Developer Intern,"Python, HTML, CSS",DataWorks,Mumbai,30000 INR,5 months,B.Sc,18,28,Remote,"['CSS', 'HTML', 'Python']"
1453,Web Developer Intern,"Python, HTML, CSS",InnovateX,Noida,24000 INR,1 month,B.Tech,18,23,Office-centric,"['CSS', 'HTML', 'Python']"
1454,Data Analyst Intern,"Data Analysis, SQL",AlgoNext,Chennai,22000 INR,1 month,M.Tech,21,24,Office-centric,"['Data Analysis', 'SQL']"
1455,Backend Developer Intern,"Java, Backend",DataWorks,Pune,8000 INR,3 months,B.Sc,20,23,Office-centric,"['Backend', 'Java']"
1456,Backend Developer Intern,"Java, Backend",CloudNet,Bangalore,24000 INR,1 month,M.Tech,22,28,Remote,"['Backend', 'Java']"
1457,Frontend Developer Intern,"JavaScript, React",DataWorks,Pune,28000 INR,2 months,BCA,21,29,Office-centric,"['JavaScript', 'React']"
1458,Web Developer Intern,"Python, HTML, CSS",InnovateX,Kolkata,16000 INR,1 month,B.Sc,21,25,Office-centric,"['CSS', 'HTML', 'Python']"
1459,Frontend Developer Intern,"JavaScript, React",TechCorp,Hyderabad,12000 INR,2 months,B.Sc,20,28,Remote,"['JavaScript', 'React']"
1460,ML Engineer Intern,"Python, ML",WebSolutions,Bangalore,30000 INR,4 months,M.Tech,19,23,Office-centric,"['ML', 'Python']"
1461,Cloud Developer Intern,"Java, Cloud",AlgoNext,Gurgaon,16000 INR,5 months,M.Tech,22,25,Remote,"['Cloud', 'Java']"
1462,Web Developer Intern,"Python, HTML, CSS",SoftLab,Noida,8000 INR,3 months,BCA,19,27,Office-centric,"['CSS', 'HTML', 'Python']"
1463,Web Developer Intern,"Python, HTML, CSS",ByteWorks,Ahmedabad,10000 INR,1 month,B.Tech,21,25,Office-centric,"['CSS', 'HTML', 'Python']"
1464,ML Engineer Intern,"Python, ML",AlgoNext,Kolkata,30000 INR,5 months,B.Sc,22,27,Remote,"['ML', 'Python']"
1465,Cloud Developer Intern,"Java, Cloud",WebSolutions,Ahmedabad,16000 INR,4 months,B.Sc,22,28,Office-centric,"['Cloud', 'Java']"
1466,Cloud Developer Intern,"Java, Cloud",SoftLab,Bangalore,14000 INR,2 months,MCA,18,30,Remote,"['Cloud', 'Java']"
1467,Frontend Developer Intern,"JavaScript, React",WebSolutions,Kolkata,20000 INR,4 months,B.Tech,18,25,Office-centric,"['JavaScript', 'React']"
1468,Cloud Developer Intern,"Java, Cloud",DevHub,Delhi,8000 INR,4 months,M.Tech,21,27,Remote,"['Cloud', 'Java']"
1469,Data Analyst Intern,"Data Analysis, SQL",AlgoNext,Pune,28000 INR,1 month,M.Tech,21,26,Office-centric,"['Data Analysis', 'SQL']"
1470,Backend Developer Intern,"Java, Backend",AlgoNext,Mumbai,10000 INR,5 months,M.Tech,18,26,Office-centric,"['Backend', 'Java']"
1471,Backend Developer Intern,"Java, Backend",CloudNet,Delhi,24000 INR,2 months,MCA,21,24,Office-centric,"['Backend', 'Java']"
1472,Frontend Developer Intern,"JavaScript, React",InnovateX,Ahmedabad,16000 INR,3 months,M.Tech,18,25,Remote,"['JavaScript', 'React']"
1473,Web Developer Intern,"Python, HTML, CSS",CloudNet,Hyderabad,10000 INR,2 months,B.Sc,22,29,Office-centric,"['CSS', 'HTML', 'Python']"
1474,Web Developer Intern,"Python, HTML, CSS",SoftLab,Noida,18000 INR,3 months,M.Tech,18,25,Remote,"['CSS', 'HTML', 'Python']"
1475,Data Analyst Intern,"Data Analysis, SQL",DevHub,Chennai,26000 INR,6 months,M.Tech,20,23,Remote,"['Data Analysis', 'SQL']"
1476,Backend Developer Intern,"Java, Backend",DevHub,Kolkata,26000 INR,2 months,B.Tech,21,24,Remote,"['Backend', 'Java']"
1477,Cloud Developer Intern,"Java, Cloud",AlgoNext,Kolkata,20000 INR,1 month,M.Tech,22,29,Office-centric,"['Cloud', 'Java']"
1478,Data Analyst Intern,"Data Analysis, SQL",TechCorp,Chennai,22000 INR,5 months,B.Sc,20,28,Remote,"['Data Analysis', 'SQL']"
1479,Backend Developer Intern,"Java, Backend",InnovateX,Mumbai,14000 INR,3 months,BCA,21,29,Remote,"['Backend', 'Java']"
1480,Frontend Developer Intern,"JavaScript, React",TechCorp,Noida,24000 INR,5 months,MCA,19,24,Remote,"['JavaScript', 'React']"
1481,ML Engineer Intern,"Python, ML",NextGenTech,Bangalore,14000 INR,1 month,MCA,19,30,Office-centric,"['ML', 'Python']"
1482,Web Developer Intern,"Python, HTML, CSS",SoftLab,Bangalore,28000 INR,4 months,B.Sc,22,27,Remote,"['CSS', 'HTML', 'Python']"
1483,Frontend Developer Intern,"JavaScript, React",DataWorks,Delhi,22000 INR,3 months,B.Tech,22,26,Remote,"['JavaScript', 'React']"
1484,Web Developer Intern,"Python, HTML, CSS",WebSolutions,Gurgaon,18000 INR,2 months,M.Tech,21,27,Office-centric,"['CSS', 'HTML', 'Python']"
1485,ML Engineer Intern,"Python, ML",WebSolutions,Noida,26000 INR,1 month,B.Tech,19,23,Office-centric,"['ML', 'Python']"
1486,Backend Developer Intern,"Java, Backend",InnovateX,Kolkata,30000 INR,6 months,B.Sc,21,23,Remote,"['Backend', 'Java']"
1487,ML Engineer Intern,"Python, ML",SoftLab,Ahmedabad,8000 INR,1 month,MCA,22,28,Remote,"['ML', 'Python']"
1488,Cloud Developer Intern,"Java, Cloud",WebSolutions,Bangalore,12000 INR,1 month,B.Sc,22,29,Office-centric,"['Cloud', 'Java']"
1489,Data Analyst Intern,"Data Analysis, SQL",AlgoNext,Delhi,22000 INR,2 months,M.Tech,21,25,Remote,"['Data Analysis', 'SQL']"
1490,Web Developer Intern,"Python, HTML, CSS",ByteWorks,Mumbai,20000 INR,3 months,MCA,21,30,Office-centric,"['CSS', 'HTML', 'Python']"
1491,Cloud Developer Intern,"Java, Cloud",ByteWorks,Delhi,28000 INR,2 months,M.Tech,18,25,Office-centric,"['Cloud', 'Java']"
1492,Data Analyst Intern,"Data Analysis, SQL",InnovateX,Bangalore,18000 INR,5 months,BCA,19,28,Remote,"['Data Analysis', 'SQL']"
1493,ML Engineer Intern,"Python, ML",TechCorp,Bangalore,16000 INR,2 months,B.Tech,18,24,Office-centric,"['ML', 'Python']"
1494,Web Developer Intern,"Python, HTML, CSS",DataWorks,Gurgaon,28000 INR,3 months,BCA,19,30,Remote,"['CSS', 'HTML', 'Python']"
1495,Web Developer Intern,"Python, HTML, CSS",CloudNet,Delhi,22000 INR,3 months,MCA,18,28,Office-centric,"['CSS', 'HTML', 'Python']"
1496,Backend Developer Intern,"Java, Backend",ByteWorks,Chennai,24000 INR,1 month,B.Sc,22,25,Remote,"['Backend', 'Java']"
1497,Web Developer Intern,"Python, HTML, CSS",InnovateX,Bangalore,28000 INR,6 months,M.Tech,19,23,Office-centric,"['CSS', 'HTML', 'Python']"
1498,Backend Developer Intern,"Java, Backend",CloudNet,Chennai,28000 INR,2 months,B.Tech,20,25,Office-centric,"['Backend', 'Java']"
1499,Web Developer Intern,"Python, HTML, CSS",ByteWorks,Gurgaon,10000 INR,2 months,BCA,18,26,Office-centric,"['CSS', 'HTML', 'Python']"
1500,Backend Developer Intern,"Java, Backend",SoftLab,Bangalore,16000 INR,1 month,B.Sc,22,23,Office-centric,"['Backend', 'Java']"
1501,Backend Developer Intern,"Java, Backend",SoftLab,Ahmedabad,20000 INR,4 months,M.Tech,21,25,Office-centric,"['Backend', 'Java']"
1502,Backend Developer Intern,"Java, Backend",CloudNet,Chennai,20000 INR,4 months,B.Sc,22,24,Office-centric,"['Backend', 'Java']"
1503,Data Analyst Intern,"Data Analysis, SQL",InnovateX,Bangalore,12000 INR,4 months,B.Tech,20,27,Remote,"['Data Analysis', 'SQL']"
1504,Backend Developer Intern,"Java, Backend",SoftLab,Chennai,12000 INR,4 months,M.Tech,20,24,Remote,"['Backend', 'Java']"
1505,Frontend Developer Intern,"JavaScript, React",TechCorp,Chennai,10000 INR,4 months,B.Sc,22,26,Office-centric,"['JavaScript', 'React']"
1506,Backend Developer Intern,"Java, Backend",CloudNet,Delhi,14000 INR,1 month,B.Sc,18,26,Office-centric,"['Backend', 'Java']"
1507,Web Developer Intern,"Python, HTML, CSS",TechCorp,Hyderabad,14000 INR,5 months,M.Tech,18,23,Office-centric,"['CSS', 'HTML', 'Python']"
1508,Data Analyst Intern,"Data Analysis, SQL",AlgoNext,Hyderabad,24000 INR,3 months,B.Sc,22,28,Remote,"['Data Analysis', 'SQL']"
1509,Frontend Developer Intern,"JavaScript, React",SoftLab,Delhi,20000 INR,4 months,B.Sc,21,29,Office-centric,"['JavaScript', 'React']"
1510,Frontend Developer Intern,"JavaScript, React",InnovateX,Hyderabad,24000 INR,4 months,BCA,19,28,Office-centric,"['JavaScript', 'React']"
1511,Cloud Developer Intern,"Java, Cloud",SoftLab,Delhi,28000 INR,6 months,B.Sc,21,28,Office-centric,"['Cloud', 'Java']"
1512,Data Analyst Intern,"Data Analysis, SQL",CloudNet,Mumbai,8000 INR,1 month,B.Sc,22,23,Remote,"['Data Analysis', 'SQL']"
1513,Cloud Developer Intern,"Java, Cloud",AlgoNext,Kolkata,26000 INR,6 months,B.Tech,18,29,Office-centric,"['Cloud', 'Java']"
1514,ML Engineer Intern,"Python, ML",DevHub,Ahmedabad,26000 INR,3 months,B.Tech,19,30,Office-centric,"['ML', 'Python']"
1515,Data Analyst Intern,"Data Analysis, SQL",NextGenTech,Kolkata,30000 INR,5 months,B.Sc,20,30,Office-centric,"['Data Analysis', 'SQL']"
1516,Frontend Developer Intern,"JavaScript, React",CloudNet,Delhi,20000 INR,2 months,MCA,18,24,Remote,"['JavaScript', 'React']"
1517,Cloud Developer Intern,"Java, Cloud",WebSolutions,Kolkata,22000 INR,6 months,B.Tech,22,28,Remote,"['Cloud', 'Java']"
1518,Frontend Developer Intern,"JavaScript, React",ByteWorks,Chennai,16000 INR,3 months,BCA,19,28,Office-centric,"['JavaScript', 'React']"
1519,Cloud Developer Intern,"Java, Cloud",SoftLab,Delhi,24000 INR,2 months,B.Tech,22,30,Office-centric,"['Cloud', 'Java']"
1520,Frontend Developer Intern,"JavaScript, React",TechCorp,Noida,20000 INR,4 months,M.Tech,20,29,Remote,"['JavaScript', 'React']"
1521,Data Analyst Intern,"Data Analysis, SQL",TechCorp,Gurgaon,28000 INR,2 months,B.Tech,21,28,Remote,"['Data Analysis', 'SQL']"
1522,Web Developer Intern,"Python, HTML, CSS",InnovateX,Chennai,10000 INR,5 months,BCA,20,28,Remote,"['CSS', 'HTML', 'Python']"
1523,Frontend Developer Intern,"JavaScript, React",DevHub,Chennai,18000 INR,1 month,B.Sc,21,23,Remote,"['JavaScript', 'React']"
1524,Data Analyst Intern,"Data Analysis, SQL",WebSolutions,Mumbai,20000 INR,2 months,M.Tech,21,25,Remote,"['Data Analysis', 'SQL']"
1525,Frontend Developer Intern,"JavaScript, React",NextGenTech,Mumbai,22000 INR,3 months,B.Tech,19,27,Remote,"['JavaScript', 'React']"
1526,Cloud Developer Intern,"Java, Cloud",DevHub,Mumbai,26000 INR,5 months,BCA,18,27,Office-centric,"['Cloud', 'Java']"
1527,ML Engineer Intern,"Python, ML",DevHub,Mumbai,28000 INR,3 months,B.Tech,21,27,Remote,"['ML', 'Python']"
1528,Web Developer Intern,"Python, HTML, CSS",SoftLab,Bangalore,8000 INR,4 months,BCA,19,30,Office-centric,"['CSS', 'HTML', 'Python']"
1529,Data Analyst Intern,"Data Analysis, SQL",InnovateX,Hyderabad,30000 INR,3 months,B.Tech,22,26,Remote,"['Data Analysis', 'SQL']"
1530,Web Developer Intern,"Python, HTML, CSS",SoftLab,Chennai,22000 INR,2 months,M.Tech,21,28,Remote,"['CSS', 'HTML', 'Python']"
1531,ML Engineer Intern,"Python, ML",InnovateX,Gurgaon,16000 INR,6 months,M.Tech,19,25,Office-centric,"['ML', 'Python']"
1532,Web Developer Intern,"Python, HTML, CSS",ByteWorks,Mumbai,24000 INR,5 months,B.Tech,21,24,Office-centric,"['CSS', 'HTML', 'Python']"
1533,Data Analyst Intern,"Data Analysis, SQL",CloudNet,Delhi,24000 INR,4 months,B.Sc,22,29,Office-centric,"['Data Analysis', 'SQL']"
1534,Cloud Developer Intern,"Java, Cloud",TechCorp,Mumbai,8000 INR,3 months,B.Sc,21,25,Office-centric,"['Cloud', 'Java']"
1535,Data Analyst Intern,"Data Analysis, SQL",WebSolutions,Chennai,28000 INR,5 months,M.Tech,19,24,Remote,"['Data Analysis', 'SQL']"
1536,Data Analyst Intern,"Data Analysis, SQL",AlgoNext,Gurgaon,26000 INR,2 months,BCA,20,24,Office-centric,"['Data Analysis', 'SQL']"
1537,Backend Developer Intern,"Java, Backend",WebSolutions,Chennai,14000 INR,3 months,MCA,19,28,Remote,"['Backend', 'Java']"
1538,Frontend Developer Intern,"JavaScript, React",InnovateX,Mumbai,8000 INR,5 months,BCA,22,26,Office-centric,"['JavaScript', 'React']"
1539,Frontend Developer Intern,"JavaScript, React",WebSolutions,Ahmedabad,18000 INR,1 month,B.Tech,21,27,Remote,"['JavaScript', 'React']"
1540,ML Engineer Intern,"Python, ML",AlgoNext,Mumbai,26000 INR,4 months,B.Tech,18,27,Office-centric,"['ML', 'Python']"
1541,Web Developer Intern,"Python, HTML, CSS",CloudNet,Noida,22000 INR,3 months,MCA,18,28,Remote,"['CSS', 'HTML', 'Python']"
1542,Data Analyst Intern,"Data Analysis, SQL",AlgoNext,Hyderabad,26000 INR,3 months,MCA,22,26,Office-centric,"['Data Analysis', 'SQL']"
1543,Cloud Developer Intern,"Java, Cloud",TechCorp,Hyderabad,20000 INR,2 months,B.Tech,21,29,Office-centric,"['Cloud', 'Java']"
1544,Data Analyst Intern,"Data Analysis, SQL",TechCorp,Delhi,8000 INR,2 months,M.Tech,19,27,Remote,"['Data Analysis', 'SQL']"
1545,Cloud Developer Intern,"Java, Cloud",InnovateX,Mumbai,24000 INR,3 months,M.Tech,18,25,Remote,"['Cloud', 'Java']"
1546,Web Developer Intern,"Python, HTML, CSS",DevHub,Mumbai,30000 INR,2 months,B.Tech,22,26,Office-centric,"['CSS', 'HTML', 'Python']"
1547,Backend Developer Intern,"Java, Backend",WebSolutions,Pune,20000 INR,4 months,M.Tech,20,27,Office-centric,"['Backend', 'Java']"
1548,Web Developer Intern,"Python, HTML, CSS",InnovateX,Bangalore,16000 INR,5 months,B.Tech,21,26,Office-centric,"['CSS', 'HTML', 'Python']"
1549,Frontend Developer Intern,"JavaScript, React",TechCorp,Gurgaon,18000 INR,2 months,M.Tech,18,23,Remote,"['JavaScript', 'React']"
1550,Backend Developer Intern,"Java, Backend",DevHub,Pune,16000 INR,3 months,B.Tech,19,24,Office-centric,"['Backend', 'Java']"
1551,Cloud Developer Intern,"Java, Cloud",NextGenTech,Delhi,16000 INR,3 months,B.Tech,19,29,Office-centric,"['Cloud', 'Java']"
1552,Web Developer Intern,"Python, HTML, CSS",NextGenTech,Bangalore,16000 INR,2 months,B.Tech,20,24,Office-centric,"['CSS', 'HTML', 'Python']"
1553,Data Analyst Intern,"Data Analysis, SQL",DevHub,Pune,26000 INR,4 months,B.Sc,19,23,Office-centric,"['Data Analysis', 'SQL']"
1554,Data Analyst Intern,"Data Analysis, SQL",InnovateX,Pune,28000 INR,4 months,B.Tech,20,28,Remote,"['Data Analysis', 'SQL']"
1555,Data Analyst Intern,"Data Analysis, SQL",CloudNet,Noida,26000 INR,3 months,MCA,22,29,Office-centric,"['Data Analysis', 'SQL']"
1556,Frontend Developer Intern,"JavaScript, React",TechCorp,Delhi,12000 INR,4 months,B.Sc,19,26,Remote,"['JavaScript', 'React']"
1557,Cloud Developer Intern,"Java, Cloud",AlgoNext,Kolkata,30000 INR,5 months,B.Sc,21,28,Remote,"['Cloud', 'Java']"
1558,ML Engineer Intern,"Python, ML",TechCorp,Chennai,18000 INR,4 months,B.Tech,22,27,Remote,"['ML', 'Python']"
1559,Backend Developer Intern,"Java, Backend",TechCorp,Hyderabad,26000 INR,2 months,B.Tech,21,26,Remote,"['Backend', 'Java']"
1560,ML Engineer Intern,"Python, ML",DataWorks,Delhi,22000 INR,5 months,B.Tech,18,26,Office-centric,"['ML', 'Python']"
1561,Web Developer Intern,"Python, HTML, CSS",TechCorp,Chennai,12000 INR,3 months,B.Sc,18,25,Office-centric,"['CSS', 'HTML', 'Python']"
1562,Web Developer Intern,"Python, HTML, CSS",CloudNet,Bangalore,24000 INR,1 month,BCA,19,24,Office-centric,"['CSS', 'HTML', 'Python']"
1563,Frontend Developer Intern,"JavaScript, React",CloudNet,Pune,26000 INR,1 month,MCA,19,23,Remote,"['JavaScript', 'React']"
1564,Backend Developer Intern,"Java, Backend",ByteWorks,Hyderabad,10000 INR,4 months,MCA,22,29,Remote,"['Backend', 'Java']"
1565,Frontend Developer Intern,"JavaScript, React",TechCorp,Gurgaon,24000 INR,4 months,B.Tech,18,27,Office-centric,"['JavaScript', 'React']"
1566,ML Engineer Intern,"Python, ML",ByteWorks,Delhi,30000 INR,1 month,MCA,20,29,Remote,"['ML', 'Python']"
1567,ML Engineer Intern,"Python, ML",WebSolutions,Hyderabad,24000 INR,4 months,M.Tech,18,24,Remote,"['ML', 'Python']"
1568,ML Engineer Intern,"Python, ML",TechCorp,Bangalore,26000 INR,4 months,B.Sc,21,28,Office-centric,"['ML', 'Python']"
1569,Data Analyst Intern,"Data Analysis, SQL",ByteWorks,Kolkata,18000 INR,4 months,M.Tech,18,29,Office-centric,"['Data Analysis', 'SQL']"
1570,Frontend Developer Intern,"JavaScript, React",NextGenTech,Delhi,20000 INR,3 months,B.Tech,21,29,Remote,"['JavaScript', 'React']"
1571,Backend Developer Intern,"Java, Backend",ByteWorks,Kolkata,8000 INR,3 months,M.Tech,20,24,Remote,"['Backend', 'Java']"
1572,Backend Developer Intern,"Java, Backend",ByteWorks,Delhi,14000 INR,5 months,BCA,21,30,Office-centric,"['Backend', 'Java']"
1573,Data Analyst Intern,"Data Analysis, SQL",DataWorks,Ahmedabad,8000 INR,1 month,BCA,20,23,Remote,"['Data Analysis', 'SQL']"
1574,Web Developer Intern,"Python, HTML, CSS",NextGenTech,Bangalore,28000 INR,6 months,B.Tech,19,29,Office-centric,"['CSS', 'HTML', 'Python']"
1575,Cloud Developer Intern,"Java, Cloud",AlgoNext,Ahmedabad,14000 INR,4 months,BCA,21,26,Remote,"['Cloud', 'Java']"
1576,Backend Developer Intern,"Java, Backend",NextGenTech,Mumbai,26000 INR,6 months,M.Tech,22,30,Remote,"['Backend', 'Java']"
1577,ML Engineer Intern,"Python, ML",AlgoNext,Bangalore,18000 INR,4 months,B.Sc,22,26,Office-centric,"['ML', 'Python']"
1578,Data Analyst Intern,"Data Analysis, SQL",AlgoNext,Bangalore,10000 INR,3 months,M.Tech,19,24,Office-centric,"['Data Analysis', 'SQL']"
1579,ML Engineer Intern,"Python, ML",ByteWorks,Kolkata,22000 INR,3 months,M.Tech,19,24,Remote,"['ML', 'Python']"
1580,Cloud Developer Intern,"Java, Cloud",WebSolutions,Kolkata,26000 INR,4 months,M.Tech,18,24,Remote,"['Cloud', 'Java']"
1581,Frontend Developer Intern,"JavaScript, React",TechCorp,Ahmedabad,10000 INR,5 months,B.Sc,22,26,Remote,"['JavaScript', 'React']"
1582,Cloud Developer Intern,"Java, Cloud",NextGenTech,Hyderabad,28000 INR,4 months,BCA,19,27,Remote,"['Cloud', 'Java']"
1583,Web Developer Intern,"Python, HTML, CSS",AlgoNext,Pune,16000 INR,4 months,BCA,18,27,Office-centric,"['CSS', 'HTML', 'Python']"
1584,Backend Developer Intern,"Java, Backend",WebSolutions,Mumbai,18000 INR,6 months,M.Tech,22,27,Office-centric,"['Backend', 'Java']"
1585,ML Engineer Intern,"Python, ML",SoftLab,Pune,22000 INR,3 months,B.Sc,19,25,Office-centric,"['ML', 'Python']"
1586,Data Analyst Intern,"Data Analysis, SQL",CloudNet,Bangalore,16000 INR,3 months,B.Tech,20,26,Office-centric,"['Data Analysis', 'SQL']"
1587,Web Developer Intern,"Python, HTML, CSS",AlgoNext,Bangalore,10000 INR,4 months,B.Sc,19,27,Remote,"['CSS', 'HTML', 'Python']"
1588,Web Developer Intern,"Python, HTML, CSS",NextGenTech,Delhi,20000 INR,1 month,B.Tech,22,28,Office-centric,"['CSS', 'HTML', 'Python']"
1589,Cloud Developer Intern,"Java, Cloud",DataWorks,Delhi,10000 INR,1 month,M.Tech,20,26,Office-centric,"['Cloud', 'Java']"
1590,ML Engineer Intern,"Python, ML",NextGenTech,Hyderabad,26000 INR,6 months,B.Tech,22,28,Office-centric,"['ML', 'Python']"
1591,ML Engineer Intern,"Python, ML",DevHub,Chennai,30000 INR,4 months,B.Tech,22,24,Remote,"['ML', 'Python']"
1592,Web Developer Intern,"Python, HTML, CSS",InnovateX,Bangalore,24000 INR,1 month,M.Tech,19,28,Office-centric,"['CSS', 'HTML', 'Python']"
1593,Web Developer Intern,"Python, HTML, CSS",ByteWorks,Kolkata,20000 INR,5 months,B.Tech,19,30,Office-centric,"['CSS', 'HTML', 'Python']"
1594,Backend Developer Intern,"Java, Backend",NextGenTech,Pune,14000 INR,1 month,B.Tech,19,26,Remote,"['Backend', 'Java']"
1595,Backend Developer Intern,"Java, Backend",DevHub,Mumbai,22000 INR,4 months,B.Sc,21,25,Remote,"['Backend', 'Java']"
1596,Frontend Developer Intern,"JavaScript, React",DataWorks,Noida,8000 INR,3 months,M.Tech,18,29,Office-centric,"['JavaScript', 'React']"
1597,Cloud Developer Intern,"Java, Cloud",DevHub,Kolkata,20000 INR,6 months,MCA,18,27,Office-centric,"['Cloud', 'Java']"
1598,ML Engineer Intern,"Python, ML",DataWorks,Ahmedabad,30000 INR,5 months,B.Sc,18,27,Office-centric,"['ML', 'Python']"
1599,Data Analyst Intern,"Data Analysis, SQL",AlgoNext,Noida,10000 INR,3 months,BCA,22,27,Remote,"['Data Analysis', 'SQL']"
1600,Data Analyst Intern,"Data Analysis, SQL",CloudNet,Noida,22000 INR,3 months,B.Sc,19,30,Office-centric,"['Data Analysis', 'SQL']"
1601,Frontend Developer Intern,"JavaScript, React",TechCorp,Chennai,8000 INR,4 months,M.Tech,18,23,Remote,"['JavaScript', 'React']"
1602,Backend Developer Intern,"Java, Backend",ByteWorks,Pune,16000 INR,1 month,BCA,19,28,Remote,"['Backend', 'Java']"
1603,Cloud Developer Intern,"Java, Cloud",TechCorp,Pune,20000 INR,5 months,B.Sc,21,27,Office-centric,"['Cloud', 'Java']"
1604,ML Engineer Intern,"Python, ML",DataWorks,Pune,10000 INR,1 month,M.Tech,18,24,Remote,"['ML', 'Python']"
1605,Cloud Developer Intern,"Java, Cloud",SoftLab,Hyderabad,30000 INR,5 months,BCA,21,27,Office-centric,"['Cloud', 'Java']"
1606,Cloud Developer Intern,"Java, Cloud",AlgoNext,Ahmedabad,20000 INR,4 months,B.Tech,18,28,Remote,"['Cloud', 'Java']"
1607,Data Analyst Intern,"Data Analysis, SQL",NextGenTech,Pune,14000 INR,1 month,MCA,22,30,Office-centric,"['Data Analysis', 'SQL']"
1608,Web Developer Intern,"Python, HTML, CSS",DevHub,Bangalore,22000 INR,2 months,B.Tech,20,26,Remote,"['CSS', 'HTML', 'Python']"
1609,Web Developer Intern,"Python, HTML, CSS",DevHub,Pune,18000 INR,5 months,M.Tech,19,30,Remote,"['CSS', 'HTML', 'Python']"
1610,Frontend Developer Intern,"JavaScript, React",ByteWorks,Gurgaon,26000 INR,6 months,MCA,22,24,Remote,"['JavaScript', 'React']"
1611,Frontend Developer Intern,"JavaScript, React",DevHub,Noida,20000 INR,2 months,B.Sc,18,28,Office-centric,"['JavaScript', 'React']"
1612,Cloud Developer Intern,"Java, Cloud",SoftLab,Mumbai,10000 INR,5 months,BCA,19,26,Remote,"['Cloud', 'Java']"
1613,Backend Developer Intern,"Java, Backend",DevHub,Delhi,18000 INR,1 month,B.Sc,19,23,Office-centric,"['Backend', 'Java']"
1614,Data Analyst Intern,"Data Analysis, SQL",SoftLab,Pune,14000 INR,4 months,B.Sc,21,30,Office-centric,"['Data Analysis', 'SQL']"
1615,Frontend Developer Intern,"JavaScript, React",AlgoNext,Kolkata,18000 INR,3 months,B.Sc,19,25,Office-centric,"['JavaScript', 'React']"
1616,Cloud Developer Intern,"Java, Cloud",DataWorks,Mumbai,20000 INR,1 month,MCA,20,26,Remote,"['Cloud', 'Java']"
1617,ML Engineer Intern,"Python, ML",TechCorp,Ahmedabad,12000 INR,3 months,MCA,21,29,Office-centric,"['ML', 'Python']"
1618,Cloud Developer Intern,"Java, Cloud",TechCorp,Pune,26000 INR,1 month,M.Tech,19,28,Remote,"['Cloud', 'Java']"
1619,ML Engineer Intern,"Python, ML",AlgoNext,Hyderabad,26000 INR,1 month,BCA,18,26,Remote,"['ML', 'Python']"
1620,Web Developer Intern,"Python, HTML, CSS",AlgoNext,Pune,22000 INR,5 months,M.Tech,21,28,Remote,"['CSS', 'HTML', 'Python']"
1621,ML Engineer Intern,"Python, ML",NextGenTech,Mumbai,16000 INR,3 months,BCA,22,27,Remote,"['ML', 'Python']"
1622,ML Engineer Intern,"Python, ML",DataWorks,Ahmedabad,28000 INR,3 months,BCA,21,27,Office-centric,"['ML', 'Python']"
1623,Cloud Developer Intern,"Java, Cloud",DevHub,Ahmedabad,8000 INR,6 months,B.Tech,19,30,Remote,"['Cloud', 'Java']"
1624,Frontend Developer Intern,"JavaScript, React",TechCorp,Mumbai,14000 INR,5 months,B.Sc,20,29,Office-centric,"['JavaScript', 'React']"
1625,ML Engineer Intern,"Python, ML",DevHub,Ahmedabad,20000 INR,2 months,B.Sc,18,28,Office-centric,"['ML', 'Python']"
1626,ML Engineer Intern,"Python, ML",CloudNet,Bangalore,28000 INR,1 month,B.Tech,18,25,Remote,"['ML', 'Python']"
1627,Web Developer Intern,"Python, HTML, CSS",InnovateX,Delhi,18000 INR,2 months,M.Tech,21,29,Office-centric,"['CSS', 'HTML', 'Python']"
1628,Frontend Developer Intern,"JavaScript, React",CloudNet,Mumbai,20000 INR,2 months,B.Sc,20,30,Remote,"['JavaScript', 'React']"
1629,Data Analyst Intern,"Data Analysis, SQL",WebSolutions,Noida,20000 INR,4 months,B.Tech,22,23,Remote,"['Data Analysis', 'SQL']"
1630,Backend Developer Intern,"Java, Backend",AlgoNext,Bangalore,12000 INR,4 months,B.Tech,20,23,Remote,"['Backend', 'Java']"
1631,Cloud Developer Intern,"Java, Cloud",DevHub,Kolkata,20000 INR,2 months,BCA,21,25,Remote,"['Cloud', 'Java']"
1632,Frontend Developer Intern,"JavaScript, React",WebSolutions,Chennai,18000 INR,1 month,M.Tech,19,28,Office-centric,"['JavaScript', 'React']"
1633,Backend Developer Intern,"Java, Backend",DataWorks,Ahmedabad,24000 INR,1 month,M.Tech,20,23,Remote,"['Backend', 'Java']"
1634,Frontend Developer Intern,"JavaScript, React",TechCorp,Pune,26000 INR,5 months,B.Sc,18,26,Remote,"['JavaScript', 'React']"
1635,Data Analyst Intern,"Data Analysis, SQL",DevHub,Ahmedabad,30000 INR,1 month,B.Tech,19,25,Remote,"['Data Analysis', 'SQL']"
1636,Web Developer Intern,"Python, HTML, CSS",WebSolutions,Bangalore,8000 INR,3 months,B.Sc,20,26,Remote,"['CSS', 'HTML', 'Python']"
1637,Frontend Developer Intern,"JavaScript, React",WebSolutions,Bangalore,10000 INR,3 months,B.Sc,18,30,Remote,"['JavaScript', 'React']"
1638,ML Engineer Intern,"Python, ML",ByteWorks,Bangalore,8000 INR,6 months,B.Tech,20,23,Remote,"['ML', 'Python']"
1639,Cloud Developer Intern,"Java, Cloud",DataWorks,Gurgaon,14000 INR,4 months,M.Tech,22,24,Remote,"['Cloud', 'Java']"
1640,Cloud Developer Intern,"Java, Cloud",AlgoNext,Noida,12000 INR,3 months,B.Tech,20,25,Office-centric,"['Cloud', 'Java']"
1641,Web Developer Intern,"Python, HTML, CSS",AlgoNext,Ahmedabad,20000 INR,1 month,MCA,20,30,Remote,"['CSS', 'HTML', 'Python']"
1642,ML Engineer Intern,"Python, ML",DataWorks,Pune,24000 INR,2 months,M.Tech,21,30,Remote,"['ML', 'Python']"
1643,Cloud Developer Intern,"Java, Cloud",TechCorp,Hyderabad,12000 INR,4 months,B.Tech,19,27,Office-centric,"['Cloud', 'Java']"
1644,Backend Developer Intern,"Java, Backend",InnovateX,Ahmedabad,10000 INR,1 month,MCA,20,23,Office-centric,"['Backend', 'Java']"
1645,ML Engineer Intern,"Python, ML",ByteWorks,Pune,20000 INR,6 months,B.Sc,22,28,Remote,"['ML', 'Python']"
1646,Frontend Developer Intern,"JavaScript, React",AlgoNext,Gurgaon,10000 INR,3 months,M.Tech,21,26,Office-centric,"['JavaScript', 'React']"
1647,Cloud Developer Intern,"Java, Cloud",WebSolutions,Ahmedabad,20000 INR,1 month,BCA,19,27,Remote,"['Cloud', 'Java']"
1648,Frontend Developer Intern,"JavaScript, React",InnovateX,Kolkata,18000 INR,3 months,M.Tech,19,29,Remote,"['JavaScript', 'React']"
1649,Backend Developer Intern,"Java, Backend",TechCorp,Kolkata,14000 INR,5 months,BCA,18,27,Office-centric,"['Backend', 'Java']"
1650,Data Analyst Intern,"Data Analysis, SQL",CloudNet,Ahmedabad,18000 INR,4 months,M.Tech,18,27,Office-centric,"['Data Analysis', 'SQL']"
1651,Backend Developer Intern,"Java, Backend",CloudNet,Bangalore,8000 INR,1 month,B.Tech,18,29,Office-centric,"['Backend', 'Java']"
1652,ML Engineer Intern,"Python, ML",InnovateX,Delhi,28000 INR,5 months,B.Sc,22,28,Office-centric,"['ML', 'Python']"
1653,ML Engineer Intern,"Python, ML",ByteWorks,Noida,10000 INR,6 months,B.Sc,18,29,Office-centric,"['ML', 'Python']"
1654,Cloud Developer Intern,"Java, Cloud",DevHub,Pune,28000 INR,1 month,MCA,20,25,Office-centric,"['Cloud', 'Java']"
1655,Web Developer Intern,"Python, HTML, CSS",DevHub,Kolkata,22000 INR,6 months,MCA,21,26,Remote,"['CSS', 'HTML', 'Python']"
1656,Backend Developer Intern,"Java, Backend",WebSolutions,Mumbai,28000 INR,1 month,B.Sc,21,27,Remote,"['Backend', 'Java']"
1657,ML Engineer Intern,"Python, ML",ByteWorks,Delhi,20000 INR,2 months,B.Sc,18,30,Office-centric,"['ML', 'Python']"
1658,Cloud Developer Intern,"Java, Cloud",AlgoNext,Delhi,18000 INR,5 months,B.Tech,18,26,Office-centric,"['Cloud', 'Java']"
1659,Data Analyst Intern,"Data Analysis, SQL",TechCorp,Noida,18000 INR,6 months,M.Tech,19,25,Remote,"['Data Analysis', 'SQL']"
1660,Frontend Developer Intern,"JavaScript, React",WebSolutions,Kolkata,18000 INR,2 months,MCA,22,28,Remote,"['JavaScript', 'React']"
1661,Frontend Developer Intern,"JavaScript, React",AlgoNext,Chennai,10000 INR,2 months,B.Tech,21,26,Office-centric,"['JavaScript', 'React']"
1662,Data Analyst Intern,"Data Analysis, SQL",TechCorp,Noida,18000 INR,3 months,BCA,18,26,Remote,"['Data Analysis', 'SQL']"
1663,Cloud Developer Intern,"Java, Cloud",NextGenTech,Ahmedabad,18000 INR,1 month,B.Sc,19,25,Remote,"['Cloud', 'Java']"
1664,Web Developer Intern,"Python, HTML, CSS",NextGenTech,Noida,16000 INR,3 months,M.Tech,19,27,Office-centric,"['CSS', 'HTML', 'Python']"
1665,Frontend Developer Intern,"JavaScript, React",WebSolutions,Kolkata,16000 INR,6 months,M.Tech,19,29,Office-centric,"['JavaScript', 'React']"
1666,Cloud Developer Intern,"Java, Cloud",ByteWorks,Chennai,24000 INR,6 months,MCA,22,28,Office-centric,"['Cloud', 'Java']"
1667,Backend Developer Intern,"Java, Backend",SoftLab,Delhi,14000 INR,3 months,B.Sc,20,26,Office-centric,"['Backend', 'Java']"
1668,Data Analyst Intern,"Data Analysis, SQL",DataWorks,Ahmedabad,8000 INR,6 months,BCA,22,23,Remote,"['Data Analysis', 'SQL']"
1669,Data Analyst Intern,"Data Analysis, SQL",AlgoNext,Kolkata,30000 INR,4 months,B.Sc,18,24,Office-centric,"['Data Analysis', 'SQL']"
1670,Frontend Developer Intern,"JavaScript, React",DevHub,Mumbai,10000 INR,6 months,B.Sc,21,29,Office-centric,"['JavaScript', 'React']"
1671,Frontend Developer Intern,"JavaScript, React",CloudNet,Chennai,26000 INR,3 months,B.Sc,18,24,Office-centric,"['JavaScript', 'React']"
1672,Backend Developer Intern,"Java, Backend",ByteWorks,Delhi,28000 INR,3 months,BCA,20,29,Remote,"['Backend', 'Java']"
1673,Cloud Developer Intern,"Java, Cloud",TechCorp,Kolkata,14000 INR,4 months,BCA,19,27,Remote,"['Cloud', 'Java']"
1674,Frontend Developer Intern,"JavaScript, React",CloudNet,Mumbai,30000 INR,3 months,B.Tech,22,30,Remote,"['JavaScript', 'React']"
1675,Backend Developer Intern,"Java, Backend",DataWorks,Mumbai,8000 INR,3 months,M.Tech,19,24,Office-centric,"['Backend', 'Java']"
1676,Web Developer Intern,"Python, HTML, CSS",TechCorp,Pune,30000 INR,6 months,B.Sc,22,23,Office-centric,"['CSS', 'HTML', 'Python']"
1677,Web Developer Intern,"Python, HTML, CSS",TechCorp,Mumbai,30000 INR,2 months,B.Tech,21,30,Office-centric,"['CSS', 'HTML', 'Python']"
1678,Web Developer Intern,"Python, HTML, CSS",InnovateX,Delhi,10000 INR,6 months,MCA,19,26,Remote,"['CSS', 'HTML', 'Python']"
1679,Web Developer Intern,"Python, HTML, CSS",DataWorks,Pune,20000 INR,6 months,BCA,22,27,Remote,"['CSS', 'HTML', 'Python']"
1680,Frontend Developer Intern,"JavaScript, React",ByteWorks,Pune,24000 INR,3 months,B.Tech,18,29,Office-centric,"['JavaScript', 'React']"
1681,ML Engineer Intern,"Python, ML",DevHub,Kolkata,24000 INR,4 months,MCA,18,28,Remote,"['ML', 'Python']"
1682,ML Engineer Intern,"Python, ML",NextGenTech,Bangalore,14000 INR,2 months,M.Tech,19,27,Remote,"['ML', 'Python']"
1683,Cloud Developer Intern,"Java, Cloud",DevHub,Gurgaon,12000 INR,5 months,MCA,18,26,Office-centric,"['Cloud', 'Java']"
1684,ML Engineer Intern,"Python, ML",DevHub,Gurgaon,16000 INR,6 months,MCA,19,26,Office-centric,"['ML', 'Python']"
1685,Cloud Developer Intern,"Java, Cloud",DevHub,Chennai,14000 INR,2 months,BCA,21,30,Remote,"['Cloud', 'Java']"
1686,Backend Developer Intern,"Java, Backend",AlgoNext,Pune,12000 INR,2 months,B.Tech,20,26,Office-centric,"['Backend', 'Java']"
1687,Frontend Developer Intern,"JavaScript, React",InnovateX,Chennai,20000 INR,4 months,B.Sc,18,28,Remote,"['JavaScript', 'React']"
1688,Backend Developer Intern,"Java, Backend",NextGenTech,Pune,26000 INR,6 months,MCA,18,26,Remote,"['Backend', 'Java']"
1689,Data Analyst Intern,"Data Analysis, SQL",DevHub,Gurgaon,16000 INR,2 months,MCA,18,24,Remote,"['Data Analysis', 'SQL']"
1690,ML Engineer Intern,"Python, ML",DataWorks,Chennai,26000 INR,3 months,B.Sc,20,29,Remote,"['ML', 'Python']"
1691,Web Developer Intern,"Python, HTML, CSS",TechCorp,Chennai,28000 INR,3 months,M.Tech,20,24,Remote,"['CSS', 'HTML', 'Python']"
1692,Web Developer Intern,"Python, HTML, CSS",TechCorp,Kolkata,16000 INR,4 months,MCA,19,30,Office-centric,"['CSS', 'HTML', 'Python']"
1693,Web Developer Intern,"Python, HTML, CSS",DevHub,Noida,30000 INR,2 months,B.Tech,22,30,Remote,"['CSS', 'HTML', 'Python']"
1694,ML Engineer Intern,"Python, ML",CloudNet,Chennai,30000 INR,2 months,B.Tech,19,27,Remote,"['ML', 'Python']"
1695,ML Engineer Intern,"Python, ML",SoftLab,Pune,24000 INR,5 months,B.Tech,20,26,Office-centric,"['ML', 'Python']"
1696,Web Developer Intern,"Python, HTML, CSS",TechCorp,Chennai,12000 INR,6 months,MCA,21,23,Remote,"['CSS', 'HTML', 'Python']"
1697,Data Analyst Intern,"Data Analysis, SQL",ByteWorks,Hyderabad,16000 INR,5 months,M.Tech,19,23,Office-centric,"['Data Analysis', 'SQL']"
1698,Cloud Developer Intern,"Java, Cloud",NextGenTech,Noida,18000 INR,4 months,MCA,19,24,Remote,"['Cloud', 'Java']"
1699,Data Analyst Intern,"Data Analysis, SQL",ByteWorks,Mumbai,24000 INR,2 months,BCA,21,28,Office-centric,"['Data Analysis', 'SQL']"
1700,Frontend Developer Intern,"JavaScript, React",NextGenTech,Kolkata,28000 INR,2 months,B.Tech,19,24,Office-centric,"['JavaScript', 'React']"
